Date,Open,High,Low,Close,Volume
2020-01-02,296.4802843719158,297.71738081409677,295.55474819517633,297.69903564453125,59151200
2020-01-03,294.2992479953691,296.5718391025249,294.244268433237,295.4447021484375,77709700
2020-01-06,293.68527154806566,296.65430772190325,293.5661398420069,296.57183837890625,55653900
2020-01-07,296.00370133060426,296.4802282058735,295.28893898289255,295.73797607421875,40496400
2020-01-08,295.9303693680399,298.5328378108533,295.6829613419756,297.3140869140625,68296000
2020-01-09,298.8810690392002,299.40340285238955,298.2945830808425,299.330078125,48473300
2020-01-10,299.9165893357821,300.07235545551816,298.0013931580216,298.4687194824219,53029300
2020-01-13,299.0918681335702,300.5305374400755,298.66117621036113,300.5213928222656,47086800
2020-01-14,300.0815191045464,301.1353314053116,299.50420569698866,300.0632019042969,62832800
2020-01-15,299.9715910397463,301.5019023922084,299.8891216822957,300.7413330078125,72056600
2020-01-16,302.1250773288596,303.2430419921875,301.89598643854816,303.2430419921875,54050300
2020-01-17,303.95779876241374,304.3976353658539,303.17888415689373,304.1868896484375,95846000
2020-01-21,303.2245857910386,304.3975296013269,303.1512890376646,303.59112548828125,77742400
2020-01-22,304.452620782391,305.10325904612256,303.472133024947,303.6278991699219,48914900
2020-01-23,302.9772414486863,304.388448943037,301.85927695982,303.97607421875,51963000
2020-01-24,304.6358627439296,304.7183320973039,299.9807208309427,301.2727966308594,87578400
2020-01-27,296.01285058916926,297.92804662680606,295.6738006255231,296.44354248046875,84062500
2020-01-28,297.8730881255824,300.4297498723814,296.5352053758519,299.550048828125,63834000
2020-01-29,300.9154208540977,301.1445117064484,299.10101123601123,299.3026123046875,53888900
2020-01-30,297.2316834744136,300.4847910291731,296.4802865769708,300.2740173339844,75491800
2020-01-31,299.6508811187989,299.80667522712497,293.9052917226155,294.8216552734375,113845600
2020-02-03,296.306189846828,298.88116944895995,296.18705809868965,297.01177978515625,69083000
2020-02-04,300.63138329314756,302.40913073891045,300.3106504717624,301.53857421875,62573200
2020-02-05,304.48010082486485,305.23152563303483,303.01394154526906,305.020751953125,65951100
2020-02-06,305.9828754447032,306.2394560522641,304.9656976312089,306.0470275878906,50359700
2020-02-07,304.98406488979606,306.056194377022,303.86610045474913,304.4159240722656,64139400
2020-02-10,303.52707001498,306.7526592320417,303.4904076474018,306.6885070800781,42070000
2020-02-11,308.0446920849093,308.8327511042264,306.68846432551175,307.219970703125,54864500
2020-02-12,308.65866182227705,309.41008649783373,308.292122067066,309.1993408203125,43992700
2020-02-13,307.7697377153026,309.8407275418291,307.4948399353151,308.869384765625,54501900
2020-02-14,309.2817884707523,309.4833895167541,308.0813547766656,309.3642578125,64582200
2020-02-18,308.36544605947824,309.4284309226807,307.1741569014039,308.5670471191406,57226200
2020-02-19,309.53836976490896,310.72045829777164,309.25429937652905,310.0423583984375,48814700
2020-02-20,309.4925837509388,310.31733323101616,305.7721503679696,308.7686767578125,74163400
2020-02-21,307.41248274725154,307.72404299995856,304.76417865144776,305.58892822265625,113788200
2020-02-24,296.11367067972515,305.66216126608373,294.37255791706946,295.4538879394531,161088400
2020-02-25,296.84685239849114,297.4608004028801,285.62139733127,286.5010986328125,218913200
2020-02-26,287.90302105729336,291.5043221918887,284.714094602618,285.4471740722656,194773800
2020-02-27,279.9123611957851,285.50218362591784,272.6272888183594,272.6272888183594,284353500
2020-02-28,264.5541069238748,272.9754882391308,261.658395419346,271.4818115234375,384975800
2020-03-02,273.2687603709201,283.30295220755625,269.8323971344277,283.2388000488281,238703600
2020-03-03,283.61447075418994,287.5914845326907,272.6822621634208,275.1289367675781,300139100
2020-03-04,280.5171106027722,286.9133360865431,277.9604493324788,286.6933898925781,176613400
2020-03-05,279.4725535047731,282.67065320761304,274.9182257388986,277.1632995605469,186366800
2020-03-06,268.6318972907637,273.7910271727866,265.9561321004398,272.5814208984375,228667200
2020-03-09,252.27476833965127,260.4212503062878,250.57951885519665,251.29428100585938,309417300
2020-03-10,260.8336938237853,264.38916035534675,250.62539203743287,264.29754638671875,276444100
2020-03-11,257.22323639794087,258.35951814826916,248.22454043948105,251.41346740722656,255316300
2020-03-12,234.58905518446738,244.35749341633144,226.9649041793255,227.35894775390625,392220700
2020-03-13,241.08602920049,248.77433109216642,227.73462252812922,246.79498291015625,329566100
2020-03-16,221.0085307501589,235.41376534127508,217.50802963275152,219.78977966308594,297240000
2020-03-17,224.54571768132374,234.74486242903518,217.2423130667214,231.65670776367188,262070500
2020-03-18,216.4908378124237,227.5971569540212,208.94917148333334,219.9272003173828,327597100
2020-03-19,219.2399792463715,226.69001937920623,212.79794461115702,220.39459228515625,289322000
2020-03-20,223.5525333669798,225.3407346727867,210.62035266342227,210.89688110351562,347158800
2020-03-23,210.33456252313593,211.70796381485764,201.18155909431383,205.50457763671875,326025200
2020-03-24,216.07705777437212,224.99962261556414,215.50557615248505,224.1239471435547,235494500
2020-03-25,225.7093944461487,236.29111690961022,220.99002898483698,227.47915649414062,299430300
2020-03-26,229.99549850632343,242.2363464449913,229.56227406257838,240.76156616210938,257632800
2020-03-27,233.4520748915783,240.40207705378725,231.4057848355421,233.59033203125,224341200
2020-03-30,235.69194049956965,241.8953263873629,233.6917407130098,241.17636108398438,171369500
2020-03-31,240.17166345646726,242.72490599332332,236.17126374188032,237.58154296875,194881100
2020-04-01,228.57601345891695,237.4985784321248,224.8152643278773,226.8892059326172,189554600
2020-04-02,226.00433936920624,232.90825175530057,225.45128263078988,232.12477111816406,177660400
2020-04-03,231.13847179241753,233.4981681687976,226.03197310862495,228.7695770263672,135561200
2020-04-06,237.66450470907907,246.10775542428493,228.7511655917904,244.13519287109375,188061200
2020-04-07,252.75355784129687,253.5094010822831,244.16285228612495,244.38406372070312,201427200
2020-04-08,246.99262118695424,254.4035140373844,244.49468151600078,252.58766174316406,153774500
2020-04-09,255.85991711221806,259.1966831027809,253.91503382352957,256.4314270019531,189999200
2020-04-13,255.45432127320237,255.79536495704366,250.17267304475266,254.09011840820312,114839100
2020-04-14,258.9938939542684,262.6071461374814,253.9519092553873,261.5840148925781,134143400
2020-04-15,255.85071325565545,261.7222690836012,253.90580187886607,256.0258483886719,121775000
2020-04-16,257.3070626758222,258.1182089286888,254.18233805357292,257.260986328125,131798300
2020-04-17,263.04952128306587,264.8192689063994,260.30269091667844,264.2109375,146684800
2020-04-20,260.49635992156533,264.3493052621317,259.33497134824717,259.5561828613281,100109300
2020-04-21,255.07634519745818,256.28383761316223,250.73487465617947,251.67507934570312,126385700
2020-04-22,256.56967233483715,259.0123094851933,255.2423472173533,257.260986328125,92951600
2020-04-23,258.5421661535463,261.7222212725069,256.93832694379256,257.24249267578125,104709700
2020-04-24,258.76340983468236,261.50101398459896,256.7078930598151,260.828125,85063200
2020-04-27,262.8098624891784,265.71337496446637,262.34898660009674,264.5888366699219,77896600
2020-04-28,268.2481466524861,268.5984167692531,263.0679070425164,263.3721008300781,105270000
2020-04-29,268.7182183545039,271.8060915592609,267.6858611572461,270.2667541503906,118745600
2020-04-30,268.88425570382896,270.3682909831344,266.0083940965527,267.7505187988281,122901700
2020-05-01,262.98506692974644,267.9164458693108,259.49161889294606,260.6622619628906,125180000
2020-05-04,258.7726214184617,261.6853608206869,257.28861435013727,261.3811950683594,80873200
2020-05-05,264.21097269404163,266.6167316014269,261.5102183039644,263.7961730957031,79569900
2020-05-06,265.50144342317355,265.8885634952178,261.57477105747034,262.00799560546875,73632600
2020-05-07,265.23408504229155,267.10524010350366,264.6626034171381,265.1695556640625,75250400
2020-05-08,268.3126974572183,270.0271702369116,267.17893274597543,269.55706787109375,76452400
2020-05-11,267.62143930773703,270.9950545873397,267.19744131631325,269.6124267578125,79514200
2020-05-12,270.801516933047,271.2162884383801,264.1003621628556,264.2386474609375,95870800
2020-05-13,263.6763746932957,264.71795895334134,257.13192987174455,259.56536865234375,144721100
2020-05-14,257.1227544883689,262.8007225585791,251.6290918271061,262.67169189453125,121977900
2020-05-15,260.27509684590956,263.9252267368411,259.3256934508307,263.879150390625,111146300
2020-05-18,270.11941195040055,273.5299055972342,269.7968212545865,271.9168395996094,119703800
2020-05-19,271.31764460727464,273.032089431891,269.1054459405045,269.1238708496094,95189300
2020-05-20,272.67263921166995,274.56221925365764,272.4422012490064,273.6957702636719,85861700
2020-05-21,273.56676293920657,274.3779091376315,270.70932633280484,271.80621337890625,78293900
2020-05-22,271.52049845866605,272.49755334653037,270.2761276095139,272.3224182128906,63958200
2020-05-26,278.3045806702521,278.5442451969563,272.3408439751787,275.6775817871094,88951400
2020-05-27,278.4796539573574,279.81620534149,273.6404569266907,279.7793273925781,104817400
2020-05-28,280.8117200863485,282.8303590651287,278.5902945576111,279.26318359375,90405200
2020-05-29,278.79300406178066,281.0973832519056,276.03697555187244,280.5074768066406,119090800
2020-06-01,279.86232187865164,282.2496560477979,279.3461430382761,281.64129638671875,55758300
2020-06-02,282.56301791606984,284.01940158934775,281.2264946134768,283.9732971191406,74267200
2020-06-03,285.9643014985071,288.71113229720396,285.68778717935186,287.75250244140625,92567600
2020-06-04,286.76614411731316,288.508268248897,284.89498938133136,286.99658203125,75794400
2020-06-05,292.40735097564266,296.131208215071,292.3428215947053,294.35223388671875,150524700
2020-06-08,295.16338657068064,298.10377730263014,294.619556339926,297.91021728515625,73641200
2020-06-09,295.23710420683716,297.98393482700175,294.3706552236186,295.68878173828125,77479200
2020-06-10,296.269500797197,297.1636012434189,293.3198835377999,294.0388488769531,95000800
2020-06-11,287.08890672889135,287.7249179405341,276.5348618580431,277.087890625,209243600
2020-06-12,284.1208795986669,284.8951480451448,275.23520331605874,280.4062194824219,194678900
2020-06-15,274.70047715474163,284.157660169738,273.52063590787077,283.0238952636719,135782700
2020-06-16,290.7942988499183,290.9417825291252,283.59541877833976,288.4714660644531,137627500
2020-06-17,289.494557251357,289.7895245404374,286.53571410151767,287.27313232421875,83398900
2020-06-18,285.7523894567671,287.8631816005811,285.29151338751893,287.3838806152344,80828700
2020-06-19,290.8611111413888,291.0555229099972,283.7879244755577,285.74139404296875,135549600
2020-06-22,285.1396439631699,287.97261465069647,283.9916508946989,287.57452392578125,74649400
2020-06-23,290.23163422664027,291.1667096484841,288.4911101062854,288.8984680175781,68471200
2020-06-24,286.85235736793186,287.47266118114317,279.6866122382617,281.5289611816406,132813500
2020-06-25,280.9550094007132,284.8156419412527,278.92748722706216,284.5471496582031,89468000
2020-06-26,283.4455227669643,283.65846888494866,277.20558275985917,277.788818359375,127961000
2020-06-29,279.047817644744,282.0103865578384,276.75180342802395,281.87152099609375,79773300
2020-06-30,281.43640077884385,287.18568953468224,281.27902922068364,285.482177734375,113394800
2020-07-01,286.6024632366139,288.7503451312307,286.13955911726157,287.4819641113281,72396500
2020-07-02,290.92591848242125,292.27761860525646,288.3984805369268,289.0650634765625,69344200
2020-07-06,292.89792305234755,294.1107294816476,292.1480207030375,293.5274658203125,61713800
2020-07-07,291.98135962823466,293.9625742469082,290.1204763282572,290.50006103515625,82910000
2020-07-08,291.2684594320676,292.8330773096431,289.50019090510847,292.72198486328125,54638600
2020-07-09,293.3329911490811,293.5737102601791,287.6300107154844,291.0555114746094,83354200
2020-07-10,290.9907250034386,294.29586651217585,289.5557338319014,294.0273742675781,57550400
2020-07-13,296.3788233659934,298.7673947992399,290.82397716890887,291.4812927246094,102997500
2020-07-14,290.05563285710343,296.03637283334564,288.8520937677715,295.2586975097656,93657000
2020-07-15,298.48982484290724,299.0730885288503,295.582773536278,297.97137451171875,87196500
2020-07-16,296.0641212834849,297.4435660368354,295.41604444110504,296.98992919921875,54622500
2020-07-17,297.99908481947347,298.6378946024456,296.01784212946285,297.8509521484375,62774900
2020-07-20,297.58254870213204,301.0080506399925,296.83264625549896,300.2581481933594,56308800
2020-07-21,302.2300162929496,302.6743860263427,299.9062292995547,300.8968505859375,57292200
2020-07-22,300.5358786742239,302.9244798533065,300.42478620141566,302.60968017578125,57792900
2020-07-23,302.2485577259489,302.95218089089167,297.62878455914324,298.99896240234375,75738000
2020-07-24,297.13814709374793,298.10096725984846,295.56426188414656,297.0733337402344,73766600
2020-07-27,297.76765361995194,299.41559085189874,296.9714439891893,299.23968505859375,48293000
2020-07-28,298.5083877686771,299.6286362456403,297.0456229667146,297.3418884277344,57495000
2020-07-29,298.22129402344734,301.56347588194586,298.1842537893127,300.99871826171875,48454200
2020-07-30,298.0176724547983,300.34146022234614,295.9253650050639,299.9248352050781,61861700
2020-07-31,301.72092523828803,302.3967754817802,297.48997444346537,302.294921875,84986800
2020-08-03,303.96132291921657,305.1648621508035,303.4150995292858,304.3964538574219,53077900
2020-08-04,303.5354458801942,305.5722351074219,303.5354458801942,305.5722351074219,41917900
2020-08-05,306.87762078191065,307.7293766896875,306.6091285143018,307.4701232910156,42697700
2020-08-06,306.8868905622747,309.6457807205977,306.5628520645501,309.5254211425781,43679400
2020-08-07,308.5534104808994,310.0347095142594,307.646108112777,309.7477111816406,57308300
2020-08-10,310.2013516372214,310.85866767202384,308.25714840047715,310.67352294921875,44282100
2020-08-11,311.85845690646227,312.49726674092767,307.3775491967452,308.1089172363281,69601100
2020-08-12,310.55307736748404,313.1823690322383,310.5253042540805,312.4046936035156,53774400
2020-08-13,311.6363173823542,313.1546565515217,310.9141880406208,311.8399963378906,41816100
2020-08-14,311.4510914457283,312.38616662319157,310.71969517068027,311.84918212890625,47260400
2020-08-17,312.8675558245334,313.23787337153493,311.85842850125164,312.83978271484375,35481000
2020-08-18,313.2379876186909,313.9416109920186,311.63632903330017,313.5157470703125,38733900
2020-08-19,313.8951846484819,314.41363485755494,311.64547803553086,312.2102355957031,68054200
2020-08-20,310.4790311302615,313.6638136676709,310.34943267122867,313.1824035644531,42207800
2020-08-21,312.84910700390265,314.5155503966336,312.50653425057345,314.2933654785156,55106600
2020-08-24,316.73745548119877,317.55217111130275,314.26556373207285,317.4781188964844,48588700
2020-08-25,318.042826953343,318.67236962408947,316.87629981081636,318.58905029296875,38463400
2020-08-26,319.1816234759962,322.05160610805416,318.6354000636554,321.78314208984375,50790200
2020-08-27,322.6534528517524,323.9403116697603,320.82034228527885,322.4867858886719,58034100
2020-08-28,323.51438715103393,324.69942039778635,322.32008678211736,324.5697937011719,48588900
2020-08-31,324.35695257363545,325.23645353103154,323.1626519224713,323.39410400390625,66099200
2020-09-01,324.2272767983935,326.5417972626103,323.3292417281404,326.4399719238281,54908700
2020-09-02,328.35633245961714,332.1336166297845,327.2083113389421,331.1615295410156,69540000
2020-09-03,329.4673439712891,329.93951517196746,317.1726127891446,319.764892578125,148011100
2020-09-04,320.4499269477994,322.02378359273916,310.025319846639,317.154052734375,139156300
2020-09-08,311.72882307371316,317.21888632629816,308.1829906456316,308.4884948730469,114465300
2020-09-09,312.5065233571741,317.05224467136924,311.6362614536504,314.5803527832031,91462300
2020-09-10,316.4597550247516,317.1170709136093,308.15525462087976,309.11810302734375,90569500
2020-09-11,310.9049136357937,311.9695874052841,306.44251137215093,309.2754821777344,84680200
2020-09-14,312.450964043728,315.12656299224113,309.423581752998,313.3489990234375,65605700
2020-09-15,315.8115989768501,316.64482046954066,313.35821359426615,314.9320983886719,52920900
2020-09-16,316.17279961874726,317.6077911735018,313.4046136065365,313.682373046875,82096000
2020-09-17,308.81252914941524,312.64538801635723,308.28481178308215,310.9233703613281,91523300
2020-09-18,311.7311184298016,311.84265557573474,304.8527202209257,307.34381103515625,105877900
2020-09-21,302.7427755109806,304.07197396170466,299.0526031336653,303.9232482910156,99450800
2020-09-22,305.41045242560136,307.5762077815948,302.89144880901273,307.01849365234375,63612100
2020-09-23,307.57620454005826,307.8550757850042,299.39649195231215,299.8984375,93112200
2020-09-24,298.5784936002621,303.76516933254953,297.258571215187,300.6977844238281,76681300
2020-09-25,299.8426692481497,306.3492684548765,298.9689520233032,305.5592041015625,71069400
2020-09-28,309.7327085120084,311.3500540678067,308.73812155611176,310.63433837890625,64584600
2020-09-29,310.42982466671907,311.1734245990456,308.24546086154606,308.9425964355469,51304000
2020-09-30,309.61186119180115,314.4453460617756,309.416671165214,311.2850036621094,104081100
2020-10-01,313.88768692379944,314.86366559432696,311.3965954023095,313.28350830078125,88698700
2020-10-02,308.3198450119104,313.2555627207702,307.8457837333298,310.3089904785156,89431100
2020-10-05,312.37252335480844,315.9976228708577,312.3260589938609,315.8117370605469,45713100
2020-10-06,315.951102906979,318.051813596093,310.81089169057145,311.3221130371094,90128900
2020-10-07,314.28728027464444,317.5498836075038,314.2593959883173,316.7412109375,56999600
2020-10-08,318.6838985828623,319.6134126353913,317.7636603816266,319.54833984375,45242500
2020-10-09,321.2028963840777,322.8667345981165,320.58013781019633,322.4019775390625,59528600
2020-10-12,324.9488974185187,329.0666389175514,324.4562559792047,327.5887145996094,80388500
2020-10-13,327.4492247806574,327.6258347283141,324.4840725434982,325.4507751464844,73255500
2020-10-14,326.02708999760546,327.1239098929824,322.67155751263357,323.4058532714844,57727900
2020-10-15,319.48329800773115,323.48950169298183,318.9441922862967,323.00616455078125,60357700
2020-10-16,324.36327751636173,326.0271159294478,322.6343946657817,322.8110046386719,89501900
2020-10-19,324.0750651798359,324.707127920646,317.0014769337468,317.9031066894531,68425600
2020-10-20,319.25089283338775,322.42984341706637,318.488712858615,319.1765441894531,60051900
2020-10-21,319.130012337583,321.305099945606,318.26557117105693,318.57232666015625,63575000
2020-10-22,318.78622281883776,320.90551433094646,316.63904701182736,320.3199157714844,55399300
2020-10-23,321.54680058982547,321.60256916559945,318.9441724986455,321.4073791503906,49143900
2020-10-26,318.0146635113088,318.80475616946273,311.96351764417074,315.4678039550781,91473000
2020-10-27,315.81173928644967,316.14635076728,314.1664810728045,314.3802795410156,65994100
2020-10-28,308.6916916839952,314.40819871459206,303.14249041237605,303.6351318359375,127094300
2020-10-29,303.8674845080645,309.90002246930646,302.1757618896027,306.7210998535156,90597700
2020-10-30,305.14090511981635,306.4515234799912,299.861271536879,303.5235595703125,120287300
2020-11-02,306.9256591796875,308.93338527504574,304.17427619495805,306.9256591796875,86068300
2020-11-03,310.1695753283749,314.40815753311387,307.00923292891446,312.3446350097656,93294200
2020-11-04,316.83419775911113,323.4151742045212,315.6537249327258,319.3253173828125,126959700
2020-11-05,324.6235253644289,327.3656035607772,324.2703054349714,325.55303955078125,82039700
2020-11-06,325.26490025051436,326.73354858554944,323.14560898928653,325.47869873046875,74973000
2020-11-09,338.3152429134803,338.69634709260697,329.1037549200316,329.5685119628906,172304200
2020-11-10,328.57395526410835,330.1448364825855,325.8040211888103,329.085205078125,85552000
2020-11-11,331.27885919980673,332.3570990887861,330.03331356077604,331.52984619140625,58649000
2020-11-12,330.51666493968696,331.5763248019199,326.50118493331297,328.313720703125,67546200
2020-11-13,330.2284982463468,333.60263931693396,329.70797256583705,332.8590393066406,62892200
2020-11-16,335.53608323091584,337.2091976293169,334.2440447341139,337.0140075683594,74541100
2020-11-17,334.59714605363865,336.4097096479099,333.0820337387428,335.2013244628906,66111000
2020-11-18,335.47095237920496,336.01936231897963,331.1301088549771,331.16729736328125,70591300
2020-11-19,330.53525035428703,332.9333844739087,329.1874434374099,332.56158447265625,59940900
2020-11-20,332.30126814614187,332.5057623688925,330.20986156340393,330.2842102050781,70417300
2020-11-23,332.0968543970536,333.5283143031791,329.8567216216213,332.26416015625,63230600
2020-11-24,334.82031711721845,338.1665740612137,333.9651798999618,337.6181640625,62415900
2020-11-25,337.53443743013906,337.5623217166409,336.0007449395041,337.0975646972656,45330900
2020-11-27,338.1944089835005,338.5104403756147,337.02321213244505,338.0364074707031,28514100
2020-11-30,337.25563273127324,337.52519979831504,333.8536356408467,336.5399169921875,83872700
2020-12-01,339.80240836600893,341.763669108721,339.2075058450926,340.2206726074219,74231400
2020-12-02,339.10537931768437,341.09452496721,338.5290850488173,340.9365234375,45927000
2020-12-03,340.83423215842737,342.23780756286345,339.7374123001427,340.8435363769531,62882000
2020-12-04,341.4291530295326,343.78082275390625,341.3361959388751,343.78082275390625,50749900
2020-12-07,343.0093290517619,343.56704325999203,341.80097190603243,343.07440185546875,48944300
2020-12-08,341.801017124216,344.6453287592995,341.75455275343444,344.0783386230469,42458900
2020-12-09,344.7382817300887,344.8962832820712,340.15578285817526,340.9923400878906,74098300
2020-12-10,339.61652249067066,341.93100325191364,338.74277706945526,340.88067626953125,57735400
2020-12-11,339.17970394397395,340.890006557245,337.65531550527345,340.48101806640625,57698600
2020-12-14,342.656080212638,343.73429157077305,338.77999406137144,338.95660400390625,69216200
2020-12-15,341.50351566005907,343.5391540527344,340.12785278149966,343.5391540527344,63865300
2020-12-16,343.7530029279958,344.9985487501249,342.8699529509324,344.0783386230469,58420500
2020-12-17,345.7235069456668,346.20684410811197,344.8962257081794,346.0023498535156,64119500
2020-12-18,346.2916885347735,346.45970742421224,342.60444592107217,344.6207580566406,136542300
2020-12-21,340.6908788886597,353.28346626235304,337.9464560255549,343.38861083984375,96386700
2020-12-22,343.71534876607024,343.82736137982727,341.68037698297826,342.80987548828125,47949000
2020-12-23,343.7806190223121,345.0314737308344,342.79113651426565,343.11785888671875,46201400
2020-12-24,343.5939176069058,344.4807314188384,343.00585151247196,344.4527282714844,26457900
2020-12-28,347.01047928251126,347.8039398547463,346.38506609890993,347.4118957519531,39000400
2020-12-29,348.9427593868973,349.1201221557573,346.1609898693241,346.74908447265625,53680500
2020-12-30,347.5705578476866,348.28000894293837,346.8517913610058,347.24383544921875,49455300
2020-12-31,347.0478724739149,349.7362892004099,346.5344718228224,349.0081787109375,78520700
2021-01-04,350.34296875558,350.47366910441684,340.55081201892335,344.2567138671875,110210800
2021-01-05,343.6126968288988,347.7199876295855,343.5660059125911,346.6278076171875,66426200
2021-01-06,345.11552753738533,351.9019187189158,344.5647799187049,348.7000732421875,107997700
2021-01-07,351.0804608432896,354.6276595774134,350.90309805783966,353.8808898925781,68766800
2021-01-08,355.2717446185085,356.1118675981628,352.0139214197947,355.8971862792969,71677200
2021-01-11,352.71402176287364,355.26239380181204,352.5926652872222,353.4981384277344,51034700
2021-01-12,353.68488655633377,354.5903313155894,351.32316391848667,353.5728454589844,52547700
2021-01-13,353.49822506381935,355.52385315596246,352.7141082067856,354.5250549316406,45303600
2021-01-14,355.27178711492945,355.7758723579935,352.94743994612014,353.2834777832031,49989100
2021-01-15,351.65919735021674,352.4619733044625,348.8401091438219,350.7070617675781,107160000
2021-01-19,353.1714095466067,354.0022171031651,351.6871856917085,353.4607849121094,51233300
2021-01-20,355.7571726966947,359.19238745633976,355.36512856654605,358.3522644042969,61836100
2021-01-21,358.9123241730878,359.3417438187751,357.75482257805237,358.678955078125,47840100
2021-01-22,356.82123777678873,358.57617739565484,356.43850915885054,357.4093322753906,52860500
2021-01-25,358.14689610942855,359.1736973399445,353.2834636469898,358.8190002441406,70402000
2021-01-26,359.77107703146265,360.1818088514389,358.02548104028034,358.25885009765625,42665300
2021-01-27,354.9263947256956,355.019748062336,347.2625615277461,349.5028991699219,123351100
2021-01-28,351.3231338347947,356.5226037699403,350.88442731269146,352.5086669921875,94198100
2021-01-29,350.64172533967934,351.61254871858694,343.77132460135704,345.45159912109375,126765100
2021-02-01,348.8587477068479,352.2379271972738,345.74094042873577,351.2017822265625,75817600
2021-02-02,354.3943082588558,357.72682583158235,351.2858443927636,356.16790771484375,64450700
2021-02-03,356.9987151844739,358.17490455947774,355.1691094246982,356.4479675292969,52427100
2021-02-04,357.48406790567833,360.5458689619546,356.55993550525034,360.49920654296875,47142600
2021-02-05,362.37554413810756,362.6275725066396,360.4525850635456,361.9181213378906,48669800
2021-02-08,363.3742390383797,364.5784312098639,362.51545696079546,364.5317687988281,38365200
2021-02-09,363.69168503335237,364.88656203696013,363.2809816726569,364.28912353515625,35551100
2021-02-10,366.03476248455763,366.18412212748876,361.7221060618875,364.1304626464844,59154400
2021-02-11,365.21324714349873,365.6333228604152,362.2821464660776,364.718505859375,42913300
2021-02-12,363.9157044935719,366.76279552601454,363.84101044415263,366.5201110839844,50593300
2021-02-16,367.7523022937143,367.94835282080294,365.48396180113076,366.2027282714844,50972400
2021-02-17,364.44782425799957,366.538802023483,363.43031003691596,366.2867736816406,52290600
2021-02-18,363.67307236862246,365.4746750089571,361.94613530686405,364.7279052734375,59712800
2021-02-19,365.9881624674809,366.2775379226794,363.6357832994879,364.0838623046875,83241000
2021-02-22,361.3113588642894,363.7010560751068,361.01263959107774,361.2833557128906,67414200
2021-02-23,359.07103736191505,363.0756591158048,354.907740572143,361.72210693359375,107284100
2021-02-24,360.62989435018375,366.1374274308675,359.64041172948737,365.7080078125,72433900
2021-02-25,364.4384697020069,365.81068094226185,355.4490887696667,356.8959655761719,146670500
2021-02-26,358.7816272202917,359.9297848553106,353.0687567328293,355.0570373535156,152701600
2021-03-01,359.9391348464769,364.9145796408334,355.2530939230072,363.6636962890625,105348800
2021-03-02,363.88772878043636,364.1210978494576,360.32184256880726,360.825927734375,79595300
2021-03-03,360.12582613870484,361.0966209700066,355.9438421012048,356.0465393066406,119940200
2021-03-04,355.8598669496521,358.4549301482067,347.14120097339406,351.64056396484375,183433000
2021-03-05,355.15042536468866,359.1643910019848,347.8506615219816,358.10955810546875,152039600
2021-03-08,359.0709604074307,361.8900482908478,356.0465066194313,356.3265380859375,123149200
2021-03-09,360.18174518755524,363.9716557304598,359.67766013624134,361.4139404296875,113633600
2021-03-10,363.7663934988811,365.3626300474982,362.3475197320477,363.6636962890625,109899400
2021-03-11,366.1374746877618,369.32994816283093,365.6800518602389,367.3509826660156,86245000
2021-03-12,365.9880942291193,367.9857188856928,365.1759743296628,367.845703125,64653600
2021-03-15,368.0977208919714,370.300739917359,365.9507366566855,370.03936767578125,73427200
2021-03-16,370.6554372330348,371.36485984183645,368.79780004485065,369.5726013183594,73722500
2021-03-17,368.2845149341992,371.6356924466986,367.13632848230657,370.8329162597656,97959300
2021-03-18,368.23771507922254,370.32869272760485,364.75583847059136,365.4372863769531,115349100
2021-03-19,365.1358383093222,366.71858287293,362.57909049562966,364.76123046875,113624500
2021-03-22,365.27621275157725,369.059816642026,365.22002301990005,367.6737365722656,73778600
2021-03-23,367.0369570655354,368.4885729919062,363.99322228123157,364.7799072265625,90686600
2021-03-24,366.1846539544213,367.82358782761884,362.878691342001,362.9255065917969,97588600
2021-03-25,361.4832266506209,365.7631632140754,359.5352208790169,364.9671325683594,116128600
2021-03-26,366.1191203770628,371.2513354528067,365.51975365812234,370.8486328125,114409100
2021-03-29,369.3688948067096,371.5697547729306,367.87980961613647,370.66131591796875,108107600
2021-03-30,369.3876248451176,370.3522533875979,368.0764548349009,369.6779479980469,76262200
2021-03-31,370.24917149456826,372.7403541757832,370.2210766312015,371.17633056640625,112734200
2021-04-01,373.1150826333132,375.24103277878845,372.9090440416976,375.184814453125,99682900
2021-04-05,377.85379127980036,381.11293809169894,377.77888117663736,380.5697326660156,91684800
2021-04-06,380.0079543326237,381.3940060302929,379.6707873110672,380.3450927734375,62021000
2021-04-07,380.17644565367993,381.13169962099386,379.71755334301986,380.7851867675781,55836300
2021-04-08,382.04022193132636,382.6489631784164,381.10368814172836,382.5927734375,57863100
2021-04-09,382.47097521271746,385.5428043143524,382.3492212703383,385.37420654296875,61104600
2021-04-12,384.77490083514505,385.7863447199532,384.16615960757355,385.5147705078125,56704900
2021-04-13,385.4117711973738,387.28483888303754,385.02778889212334,386.6573486328125,56551000
2021-04-14,386.629184455803,387.68747208141957,384.7935864554999,385.3367919921875,61659900
2021-04-15,387.4814967334206,389.74792117202105,387.43468147433254,389.476318359375,60229800
2021-04-16,390.7687322055155,391.3868479497779,389.34521110344514,390.7781066894531,82037300
2021-04-19,389.84150124750823,390.2910191020154,387.52826201872847,388.8581237792969,78498500
2021-04-20,387.64072918634827,388.7458322696934,384.53142994574625,386.01116943359375,81851800
2021-04-21,385.3929225678043,389.869551703686,385.2524196735369,389.66351318359375,66793000
2021-04-22,389.49495074233465,390.3284507375282,385.03704191092794,386.10467529296875,97582800
2021-04-23,386.66663505163234,391.70519055142836,386.59172493679466,390.291015625,73209200
2021-04-26,390.94660972783475,391.67710483269894,390.35658895453304,391.1058044433594,52182400
2021-04-27,391.40552766202535,391.602220319812,389.87897313751233,391.02154541015625,51303100
2021-04-28,391.2931619528754,392.41701387986393,390.44091281471174,390.9091796875,51238900
2021-04-29,393.64380695245677,394.018414673779,390.0100520360835,393.4002990722656,78544300
2021-04-30,391.1245628402862,391.97681191330355,389.9164263982354,390.81549072265625,85527000
2021-05-03,392.8103349425953,393.19431720102517,391.1620550150992,391.6584167480469,68128300
2021-05-04,389.6635475057194,390.1599091777435,385.5428053216485,389.2420959472656,101591200
2021-05-05,390.89041549109834,391.12454890125105,388.8019351834701,389.3638610839844,60162200
2021-05-06,389.4387864991381,392.60427490167996,387.4252448088687,392.4731750488281,74321400
2021-05-07,393.24113804267915,395.98517484775925,392.5574581716832,395.32958984375,67733800
2021-05-10,395.6855394478797,395.9102984191244,391.2931935400934,391.4149475097656,81852400
2021-05-11,386.88212256677235,388.9143849289387,384.0350517822084,387.9216613769531,116888000
2021-05-12,385.1308094211373,386.4044816854546,378.3596596779323,379.68017578125,134811000
2021-05-13,381.2347930730612,386.17969003386344,381.1879492380252,384.2410583496094,106394000
2021-05-14,386.9850907678179,390.99345394959835,386.9569958994236,390.1412048339844,82201600
2021-05-17,389.02677315390787,389.9633069159993,387.12558217934975,389.14849853515625,65129200
2021-05-18,389.410629478329,389.65413734142436,385.6364005040264,385.7956237792969,59810200
2021-05-19,381.09438451177465,384.96224548403404,379.6052704700794,384.7843017578125,106467100
2021-05-20,385.6645888163089,390.18806285746604,385.54286343600126,388.9237365722656,78022200
2021-05-21,390.4127887790832,391.6583945728601,388.1463932893185,388.60528564453125,76578700
2021-05-24,390.8529912483548,393.64387210851635,390.6094833278582,392.5668640136719,51376700
2021-05-25,393.6531832309636,394.00907059694083,391.1151849988608,391.6958312988281,57451400
2021-05-26,392.2858568810516,392.9788826564934,391.2463182178888,392.4731750488281,43088600
2021-05-27,393.5033533975978,394.0184354690083,392.3982219773763,392.67919921875,56707700
2021-05-28,394.25256120863554,394.5147894803722,393.14745839065523,393.381591796875,58520200
2021-06-01,395.75106785184676,395.89154219615915,392.5949537330821,393.0351257324219,54216600
2021-06-02,393.69066759286113,394.49610143827164,392.67922377059676,393.6531982421875,49097100
2021-06-03,391.3306351753736,393.3348025487419,389.86027032089925,392.1922302246094,58138800
2021-06-04,394.0466120072731,396.0789030095524,392.2578289485074,395.7792053222656,55938800
2021-06-07,395.769810436144,395.94775414250097,394.4586688477843,395.39520263671875,51555000
2021-06-08,396.25680266649715,396.350461762709,393.64389394087016,395.4794921875,47134300
2021-06-09,396.3223302537251,396.39726895606424,394.66467586891736,394.8894348144531,48436300
2021-06-10,396.11623447588136,397.680258127959,394.7957187001208,396.7249755859375,51020100
2021-06-11,397.27764075494946,397.4930252325909,395.98521956612944,397.3806457519531,45570800
2021-06-14,397.493046657972,398.3733907447433,396.24746923944144,398.2703857421875,42358500
2021-06-15,398.42016938215374,398.4576101510953,396.6594814967525,397.5398254394531,51508500
2021-06-16,397.6803655299959,397.90512450376707,393.2692991852718,395.3202819824219,80386100
2021-06-17,394.90813826452404,396.17243576818447,392.70727857401477,395.1890869140625,90949700
2021-06-18,391.896790534333,392.592083637559,389.6511670033553,389.8578796386719,118676300
2021-06-21,391.6242619775581,395.62695686561256,390.8068166664467,395.43902587890625,72822000
2021-06-22,395.4296600028668,398.389386740263,394.70615149146886,397.5531311035156,57700300
2021-06-23,397.6283949051043,398.43643524871106,396.98947528352,397.07403564453125,49445400
2021-06-24,399.225696654204,399.84580592793344,398.9719869134309,399.4230041503906,45110300
2021-06-25,400.1746600103502,401.292783582141,399.84579507613284,400.8417663574219,58129500
2021-06-28,401.36791246800897,401.8189009566946,400.1652287077761,401.6497802734375,53159600
2021-06-29,402.03502644822527,402.6739459356344,401.3303282468715,401.86590576171875,35970500
2021-06-30,401.40552932754713,402.8807046128434,401.3773425432404,402.2041931152344,64827900
2021-07-01,402.96519934453073,404.59071343950365,402.8994206337779,404.43096923828125,53441000
2021-07-02,405.59611419519825,407.87932951282806,404.5155540009205,407.52227783203125,57697700
2021-07-06,407.57860135192897,407.7947190990981,404.0363291087906,406.7799377441406,68710400
2021-07-07,407.46589321419077,408.4994562952336,405.44576413602323,408.2175598144531,63549500
2021-07-08,402.8806657894251,405.6524902342203,401.6967636141339,404.89141845703125,97595200
2021-07-09,406.4041438797797,409.5142096043328,404.69406938658494,409.2135314941406,76238600
2021-07-12,409.1289909276716,410.93303100178167,408.69678404478105,410.6793212890625,52889600
2021-07-13,409.89002955289146,411.39339138063787,409.0162107057125,409.279296875,52911300
2021-07-14,410.98001241451976,411.4686215512165,408.6404234073977,409.89007568359375,64130400
2021-07-15,408.54642483085615,409.22293624099797,406.5826693133908,408.49005126953125,55126400
2021-07-16,409.6740673847122,409.7210358074695,404.8915177734364,405.2861328125,75874700
2021-07-19,400.4470608294215,405.3517609265195,396.48195823234806,399.3007507324219,147987000
2021-07-20,399.96790941735486,406.3008168970858,399.1692457026754,405.02294921875,99608200
2021-07-21,406.22559100192103,408.4430560741701,404.9759389088471,408.3020935058594,64724400
2021-07-22,408.48065410397567,409.4014700806899,407.4940880872588,409.15716552734375,47878500
2021-07-23,411.09276865256516,413.70484906884116,410.4068806943092,413.3666076660156,63766600
2021-07-26,412.7746132950754,414.3907222902915,412.727644885463,414.3813171386719,43719200
2021-07-27,413.33843005163095,413.366616835825,409.6551944295432,412.4927978515625,67397100
2021-07-28,413.1223026819993,413.70484865800637,410.8954607595387,412.3236389160156,52472400
2021-07-29,413.25386844732344,415.1142535469897,413.24446329453843,414.0337219238281,47435300
2021-07-30,411.4592458803784,413.47937526746006,411.3276884343814,412.02301025390625,68951200
2021-08-02,413.74243239731,414.2967915787936,410.80148711775246,411.1585388183594,58783300
2021-08-03,411.9572078453096,414.62566180738776,409.75855272178563,414.5035095214844,58053900
2021-08-04,413.2162051367815,414.4752623999069,412.2296391891377,412.46453857421875,46732200
2021-08-05,413.62967177045795,415.1612205024383,413.3102120156651,415.07666015625,38969700
2021-08-06,415.3961145625114,416.1853731243509,415.1142180712691,415.7625427246094,46930000
2021-08-09,415.7344015565451,416.0538613422752,414.6538699071719,415.4243469238281,41222600
2021-08-10,415.87529184094507,416.6551739287781,415.1894039248862,415.9410705566406,43339300
2021-08-11,417.012231826999,417.0686053915082,415.88470318832685,416.9746398925781,44034300
2021-08-12,416.82425201895,418.3652057330731,415.92224641818393,418.2242431640625,38909400
2021-08-13,418.6753597988097,419.0042247475867,418.18677928941827,418.9854431152344,39470300
2021-08-16,417.6792731297716,420.1034220491868,416.11953784781855,419.9718933105469,73740000
2021-08-17,417.40686595529536,418.08337743473044,414.2216447172126,417.2189636230469,92673900
2021-08-18,416.2041743706888,417.7733150905875,412.40822044306,412.6524963378906,89351900
2021-08-19,409.91819966300045,414.4940636710407,409.77726576987084,413.2913513183594,92812200
2021-08-20,413.6391307155977,416.90891255708533,413.15052153064124,416.5800476074219,72008700
2021-08-23,418.2712546656788,421.1558260664564,416.65514571004115,420.2444152832031,54973000
2021-08-24,420.9115295410156,421.44710704404645,420.3947623411215,420.9115295410156,38744700
2021-08-25,421.0994762269488,422.3115365062703,420.7236142411114,421.7947692871094,40529700
2021-08-26,421.5128715397554,421.74777094308087,419.21087459171173,419.3048400878906,57829600
2021-08-27,420.1128878373361,423.4296663250528,420.05651427346226,423.0538330078125,77235100
2021-08-30,423.73034341850786,425.70350417202803,423.4860388594857,424.91424560546875,48357400
2021-08-31,424.8203065670074,425.15854797049496,423.6834013951797,424.28472900390625,59300200
2021-09-01,425.22426566850635,425.74103285220224,424.2752629656099,424.5101623535156,48721400
2021-09-02,425.93840594229823,426.62429386298294,424.61356983864454,425.8162536621094,42501000
2021-09-03,424.6792952624684,426.22962542777196,424.2752465384909,425.71282958984375,47170500
2021-09-07,425.3652624941409,425.4592279980526,423.5142538966394,424.1907653808594,51671500
2021-09-08,423.6552295988036,424.3881146731991,421.7478187005373,423.67401123046875,56181900
2021-09-09,423.47667429804756,425.233717323856,421.6162606196501,421.8605651855469,57970400
2021-09-10,423.7961769601356,424.21897874285884,418.41227153281125,418.534423828125,89948200
2021-09-13,421.54109677619476,421.8041829670538,417.28469196190423,419.6054992675781,83738600
2021-09-14,421.0525192206334,421.259231862823,416.44849619831564,417.34112548828125,78197100
2021-09-15,417.7638983655694,421.32498145214555,416.6551800315069,420.8269958496094,78792200
2021-09-16,420.30081550036397,421.2779763825917,417.2001261406688,420.1598815917969,77786700
2021-09-17,419.38507550677497,419.8092317575897,415.70888206973706,416.06707763671875,118425000
2021-09-20,409.92127316182945,411.50484731751953,404.24675595478044,409.1294860839844,166445500
2021-09-21,411.4765682514919,412.7773715752907,408.21515342525714,408.7430114746094,92526100
2021-09-22,411.0241068459511,414.7756961285755,408.85612048010717,412.730224609375,102350100
2021-09-23,414.6060323552564,419.35678355873563,414.3703804133432,417.7449035644531,76396000
2021-09-24,416.10477159971555,419.1494050182944,415.8879614592612,418.4330139160156,62094800
2021-09-27,417.39615861384715,418.5649830834851,416.5383820618651,417.2359313964844,61371100
2021-09-28,414.4552199782642,414.78513845678503,408.0926174189165,408.8278503417969,130436300
2021-09-29,410.2135118135427,411.9573420861644,408.95042074872117,409.5159912109375,82329200
2021-09-30,410.995797948249,411.702753721443,404.1713274228365,404.51068115234375,140506000
2021-10-01,406.2451416508228,411.0052997880748,402.7103622124351,409.3180236816406,129240100
2021-10-04,408.1491233316218,409.0540186452384,401.89019456102386,404.03936767578125,128570000
2021-10-05,405.54750485664374,410.4961950035953,404.74631136954315,408.2433776855469,90682500
2021-10-06,404.6331777754262,410.14743831134217,403.0024849423024,409.9400634765625,113032200
2021-10-07,413.22988122887205,416.33104043427755,413.0507834308566,413.484375,72437500
2021-10-08,414.25727336121037,414.64374599907245,412.0986935121197,412.730224609375,74557400
2021-10-11,412.0704606111341,414.99255076639076,409.6762285626982,409.7422180175781,65233300
2021-10-12,410.6659754162395,411.0712898886133,407.9418249170345,408.7336120605469,71181200
2021-10-13,409.76098324225165,411.0240741022459,406.7729329566373,410.2040100097656,72974000
2021-10-14,413.88021160469805,417.2547635679065,413.4089077144482,417.10394287109375,70236800
2021-10-15,419.22480148892544,420.6481484124566,418.602676915053,420.280517578125,66260200
2021-10-18,418.48955173855063,421.86407472825306,417.82971482631206,421.5247497558594,62213200
2021-10-19,423.15553826181207,424.842785639923,422.5428201325496,424.7768249511719,46996800
2021-10-20,425.2387144809277,426.74689290235045,425.12560613339036,426.44525146484375,49571600
2021-10-21,425.8419723058504,427.7837423318143,425.40838071447007,427.5575256347656,41305400
2021-10-22,427.1239067193573,428.5755308868153,425.1632662499917,427.1144714355469,58845100
2021-10-25,428.20786672133556,429.7348867422343,426.4263529523227,429.40496826171875,45214500
2021-10-26,430.9602348986512,432.1761780719563,429.41434452407304,429.7913818359375,56075100
2021-10-27,430.25331425071147,430.92255769132396,427.81193489095295,427.8873596191406,72438000
2021-10-28,429.3201484126634,432.0914176968122,429.31074189544364,432.0160217285156,51437900
2021-10-29,429.70655955603803,433.1847842052441,429.4143534757939,432.892578125,70162400
2021-11-01,433.8823570500241,434.25942318135986,431.9029036910467,433.6372985839844,48433600
2021-11-02,433.8068984471329,435.7015490489351,433.674919567,435.3904724121094,48908400
2021-11-03,434.824974662078,438.4540205123054,434.38194783725373,438.0487060546875,52509800
2021-11-04,438.6519472579283,440.19783784094693,438.303186978276,440.1130065917969,52847100
2021-11-05,442.34703160450744,443.6383998174654,440.1224907810986,441.64007568359375,66390600
2021-11-08,442.7428857270056,443.24246669971006,441.3289740571507,442.0170593261719,50405200
2021-11-09,442.38469167396323,442.6203436197412,439.1421185987696,440.5560302734375,51149100
2021-11-10,438.85937477305515,440.5560862579335,435.52256350840406,437.0118713378906,69429700
2021-11-11,438.51058635425227,438.5860110906729,437.13438695871474,437.1532287597656,34848500
2021-11-12,438.42576092547034,441.00849724307704,437.4737177867428,440.4523620605469,53466700
2021-11-15,441.74375614047045,441.90398336577135,439.4720677725637,440.6031799316406,46980500
2021-11-16,440.339195278399,443.4875016443956,440.26379931709175,442.3469543457031,48857500
2021-11-17,442.08299817496885,442.2620959339399,440.65024486930344,441.2723693847656,47858300
2021-11-18,442.309251323274,443.03507770094774,439.57569460199926,442.7711486816406,50625600
2021-11-19,442.65802009464244,443.9117045350223,441.61173927995986,441.9793701171875,57315600
2021-11-22,443.8645720191761,446.3624767742698,440.52773256865373,440.735107421875,72762000
2021-11-23,440.4052492954006,442.17735669005066,437.7942358564973,441.319580078125,73206500
2021-11-24,439.31178380523045,442.6203463495124,438.49171963144255,442.497802734375,61858800
2021-11-26,435.8053377166632,437.2758037551741,431.4976126635115,432.6287536621094,112669600
2021-11-29,437.43596594042134,439.7830499281074,435.2302673557095,437.935546875,86268800
2021-11-30,435.48482555019865,437.39831833000216,429.1693414654298,429.4144287109375,148559600
2021-12-01,435.145532954753,438.00163379487077,424.4469273351443,424.6448669433594,131939200
2021-12-02,424.86159569596447,432.72294077139185,424.46568778929884,431.1487731933594,127637800
2021-12-03,432.8172113357215,433.8823339250444,423.15548194038644,427.397216796875,137331600
2021-12-06,429.9516748417892,434.34423038043997,427.5291660360214,432.4590148925781,98977500
2021-12-07,437.75653103535194,441.9699894291605,432.32710041618657,441.4044189453125,95484700
2021-12-08,441.8002646583124,443.02564322888617,440.03756399938356,442.57318115234375,72238800
2021-12-09,441.28182654086095,442.6768964113346,439.38720446363953,439.58514404296875,61272600
2021-12-10,442.2999177081025,443.874056800748,439.7360230553413,443.7232360839844,77159800
2021-12-13,443.2047157322275,443.5534759778387,439.50968089974606,439.79248046875,87724700
2021-12-14,436.51226038984663,439.0101654081396,433.8352575809866,436.7667541503906,97264100
2021-12-15,436.8233903926551,443.8363671006616,434.29717921546614,443.59130859375,116899300
2021-12-16,445.4481988016898,445.73096965038803,438.1241173932083,439.679443359375,116568600
2021-12-17,436.58904595985916,439.60653086796816,433.2877968056322,434.9999084472656,135511600
2021-12-20,429.9014909487797,430.77172069522163,426.74212338428225,430.37445068359375,107134800
2021-12-21,433.8080425274013,438.15927714312926,431.6324396531206,438.01739501953125,69806300
2021-12-22,437.7620345389874,442.5105393973741,437.5633706863754,442.39703369140625,58890200
2021-12-23,443.3997624025647,446.6537277682901,443.2957251145635,445.14971923828125,56439700
2021-12-27,446.5307614459802,451.496838871976,446.4834770173635,451.4495544433594,56808600
2021-12-28,451.884573074086,452.91562165597793,450.31434355839286,451.0805358886719,47274600
2021-12-29,451.18460260114745,452.67914240848387,450.18193044253155,451.6575622558594,54503000
2021-12-30,452.083263571022,453.095404283241,449.9455053015741,450.40899658203125,55329000
2021-12-31,449.9171424306895,451.07113645073605,448.9995994066956,449.2738952636719,65237400
2022-01-03,450.5414331852414,452.0076256878553,448.2239477980202,451.87518310546875,72668200
2022-01-04,453.303514080452,454.0224220905845,449.8603534710493,451.72381591796875,71178700
2022-01-05,451.35488393612025,452.1305447371283,442.95511542561405,443.0497131347656,104538900
2022-01-06,442.58622998244016,445.35776682155085,440.25924753685416,442.6335144042969,86858900
2022-01-07,442.6429392786295,443.8253383803812,439.5213883297057,440.8835144042969,85111600
2022-01-10,437.6768689948834,440.5524428650343,431.90675552654443,440.33489990234375,119362000
2022-01-11,440.07009675611505,444.44023980411635,437.0620510983953,444.34564208984375,74303100
2022-01-12,446.086117009949,447.6090622228809,443.57943642604664,445.54693603515625,67605400
2022-01-13,446.6536433613465,447.3063299976346,438.37684936061635,439.40789794921875,91173100
2022-01-14,436.248582581367,439.9376625709824,435.0283384384738,439.5876770019531,95890900
2022-01-18,434.8769416667024,435.08504507309425,430.6865259809416,431.8027038574219,109709100
2022-01-19,433.35409317640193,434.7540355227191,427.0447975842269,427.3191223144531,109357600
2022-01-20,429.2109131132616,433.93104152080394,420.4611589616414,422.5894775390625,122379700
2022-01-21,421.4637870445088,423.8285852162134,414.26535526607927,414.2937316894531,202271200
2022-01-24,408.6655338392634,416.5639661506676,398.00503320354795,416.05316162109375,251783900
2022-01-25,409.63982206019847,415.9396482515973,404.04943536512155,410.97357177734375,167997300
2022-01-26,416.885580014085,420.0260392062578,405.66696143338,409.9425354003906,186391100
2022-01-27,414.55858457806625,417.70848301575546,406.2250381977337,407.918212890625,149878300
2022-01-28,409.2804709649162,418.09644824979847,404.6833157295444,418.0491638183594,164457400
2022-01-31,417.3774492101084,425.9285683081596,416.02479145329517,425.5785827636719,152251400
2022-02-01,426.30699838494866,429.0974724898934,422.76926865051064,428.4542541503906,123155400
2022-02-02,430.8663151934965,433.3446195666415,428.54880096336996,432.61627197265625,117361000
2022-02-03,426.5623872138765,428.4731341093042,421.60574966980835,422.4476318359375,118024400
2022-02-04,422.21113512307284,428.2933900112805,419.8273997309541,424.4340515136719,118454400
2022-02-07,425.2002179600923,426.60016012871563,421.738149661157,423.0718994140625,84472900
2022-02-08,422.5706349264903,427.47995951404795,421.1422872227027,426.5529479980469,81012000
2022-02-09,430.6014803174058,433.11762967701776,430.4028453031969,432.7960205078125,92589900
2022-02-10,426.9312545906798,432.95675649430774,423.0151633217596,425.0205078125,140103700
2022-02-11,425.1056385655254,427.18664391321806,415.20186134997584,416.6396484375,153214600
2022-02-14,416.12890799397803,417.7180457832857,411.79658063441923,415.2775573730469,123006300
2022-02-15,419.73284594307296,422.144928982225,419.21257292774663,421.97467041015625,88482700
2022-02-16,419.92201420472077,423.82866614912444,418.03964373808554,422.4476318359375,84863600
2022-02-17,419.2504207563761,422.4192566946621,412.81818002832114,413.4235534667969,102259100
2022-02-18,413.6788782748005,414.9369671200802,408.46688251728386,410.7465515136719,132642900
2022-02-22,408.53313240570213,411.9478874905425,402.82921086642835,406.3385925292969,124391800
2022-02-23,409.2614955902434,409.8290530099485,398.56314936740426,399.1307067871094,132578000
2022-02-24,388.79178196515704,405.57241177540527,388.43235684105287,405.13726806640625,213942900
2022-02-25,406.376404898472,414.1613316714428,404.72104600826754,414.0762023925781,121804500
2022-02-28,408.66561012645167,414.50194628148233,407.4075498631583,413.016845703125,145615000
2022-03-01,411.51275948322075,413.5275723046222,404.01159714649674,406.7264099121094,137785900
2022-03-02,408.9871853932259,415.9396990802248,408.23046138487615,414.20867919921875,117726500
2022-03-03,416.64916197065094,417.25453543776126,410.3398662245235,412.1465759277344,105501700
2022-03-04,408.40067480868873,409.9330595198553,404.7399715837537,408.7979736328125,113978200
2022-03-07,408.2115490078565,408.9209886334295,396.68078798416894,396.74700927734375,137896600
2022-03-08,396.92669641529477,404.10622124075445,392.67005908949244,393.73895263671875,164772700
2022-03-09,402.1481531765051,406.2818159822058,399.9536134280835,404.2953796386719,116990800
2022-03-10,399.669875757918,403.36842427273797,397.70237600280313,402.4698181152344,93972700
2022-03-11,404.9669642223323,405.5818059910525,396.8415209370115,397.3523254394531,95636300
2022-03-14,398.12803514404516,401.5900747886048,393.30384036976113,394.4483947753906,95729200
2022-03-15,397.0685600329453,403.7562168476836,395.7915919884994,403.1224670410156,106219100
2022-03-16,406.64127160402853,412.1181236996137,401.8265168470492,412.0613708496094,144954800
2022-03-17,410.14121733245054,417.2167053222656,409.76285531991505,417.2167053222656,102676900
2022-03-18,415.59977264911765,422.10892413881095,414.8596646232218,421.78631591796875,106345500
2022-03-21,421.61559514188474,423.6271696352851,418.14277109962075,421.6630554199219,88349800
2022-03-22,423.05782555472354,427.53643659552324,423.05782555472354,426.5970764160156,74650400
2022-03-23,424.05408198421577,425.553264705478,421.0177251614294,421.1031188964844,79426100
2022-03-24,423.1336968803554,427.4604866147809,422.01405150101834,427.45098876953125,64736900
2022-03-25,428.08676165984116,429.8136901005225,425.4963689988191,429.53851318359375,77101300
2022-03-28,428.94076282849704,432.5938720703125,427.04304675034354,432.5938720703125,68529800
2022-03-29,436.4935612027508,438.43873709569414,433.79880848562095,437.9453125,86581500
2022-03-30,436.79729249751,437.6133254430153,433.1252166348571,435.2411804199219,79666900
2022-03-31,434.4725678233123,435.2980695823939,428.086743583502,428.5422058105469,121699900
2022-04-01,430.12684500588364,430.26916792356127,426.1701231101965,429.7568054199219,89048800
2022-04-04,429.9560313211461,433.54271341244913,429.13052949203757,433.4383239746094,59601000
2022-04-05,431.93912663814103,434.4156320427128,426.81529938704466,427.9634094238281,74214500
2022-04-06,424.0352143730315,425.97086406711,420.7901068981446,423.6841125488281,106898000
2022-04-07,422.801699313867,427.6408816671495,420.8470538426626,425.8190612792969,78097200
2022-04-08,425.05992681953586,427.58389261830564,423.13374620427055,424.6803894042969,79272700
2022-04-11,421.3973501116836,422.2418477063847,416.9187677503184,417.4216613769531,89770500
2022-04-12,420.42000917950406,422.95347289670224,414.3188589093481,415.875,84363600
2022-04-13,415.6282453101172,421.39728888608715,415.4479599836638,420.6382141113281,74070400
2022-04-14,420.865976406667,421.9856509126384,415.2961842874288,415.40057373046875,97869500
2022-04-18,414.4706713145492,417.2603162227855,413.332030102549,415.57135009765625,66002500
2022-04-19,415.4669324784689,423.00086699763705,415.29614499530715,422.2797546386719,77821000
2022-04-20,424.06367204101167,424.680424010639,420.79959788164615,421.9666748046875,65224400
2022-04-21,425.6007494204808,426.9955717535205,414.745812247252,415.6567077636719,85417300
2022-04-22,414.56557782438404,415.67572553702075,403.68217473484395,404.2514953613281,132471800
2022-04-25,402.00268452995533,406.7659413001945,397.4196841407292,406.59515380859375,119647700
2022-04-26,404.05219413457274,404.251475165839,394.79135963669034,394.81982421875,103996300
2022-04-27,395.90155860761035,401.29109481653217,393.7856235009425,395.9300231933594,122030000
2022-04-28,400.69328310824267,407.6673957249043,396.24313643650856,405.93096923828125,105449100
2022-04-29,401.92673399978656,404.0901289590842,390.1798679914565,390.9294738769531,145491100
2022-05-02,390.9959330128461,394.64904219767647,384.3064665675945,393.2826843261719,158312500
2022-05-03,393.78557938889816,397.50508664209,392.21994047752736,395.08551025390625,100028200
2022-05-04,395.74970498454525,407.6863555366896,392.55205797111023,407.1170349121094,144247900
2022-05-05,402.83766819412307,403.26466589369136,388.5004371483432,392.6469421386719,172929100
2022-05-06,390.0756280152964,393.5863861270224,384.98026390272923,390.3033447265625,151770800
2022-05-09,384.3823409911259,385.62534252328646,376.2221572616727,377.8067626953125,155586100
2022-05-10,383.80357611684485,385.312256912979,374.6281351627776,378.67974853515625,132497200
2022-05-11,377.7119332720128,383.3766170241636,371.91439549274446,372.66400146484375,142361000
2022-05-12,369.45679324266854,375.5579425463097,365.45261177508553,372.27490234375,125090800
2022-05-13,376.42147428654954,382.5605871160499,375.3777246252647,381.1752624511719,104174400
2022-05-16,379.5242405914911,383.31017481839024,377.26595387479733,379.62860107421875,78622400
2022-05-17,385.73918889197347,387.6748670554885,381.9911887211895,387.4376525878906,83029700
2022-05-18,382.86424116317255,383.14888700880624,370.5765172556166,371.81951904296875,117674500
2022-05-19,368.7451990662184,373.9829138685316,367.31241418995535,369.542236328125,98510700
2022-05-20,373.13847522235545,376.72515794543034,361.0784959937807,369.70361328125,131432200
2022-05-23,372.739903066548,377.38933077714205,370.41521816810126,376.6207580566406,76414900
2022-05-24,372.4836996470706,374.9412384284281,367.1700889774752,373.7456970214844,91448800
2022-05-25,372.2464496803005,379.0213091538963,371.84794556823357,377.04766845703125,91472900
2022-05-26,378.2812024273643,386.2231386417738,378.0724525251895,384.58160400390625,82168300
2022-05-27,387.0486842866544,394.13665496189145,386.84943220734834,394.0227966308594,84768700
2022-05-31,392.40020748267347,395.1613876894027,389.0602378053124,391.8119201660156,95937000
2022-06-01,393.9374053108898,394.95266140674994,386.11879536858646,388.64276123046875,86585800
2022-06-02,388.48145435599463,396.0912850769354,386.2231676872298,396.0438537597656,79609600
2022-06-03,391.30902085966204,392.86516182904495,388.5668363851628,389.5441589355469,71874300
2022-06-06,393.56726988374743,395.3036670612635,389.5535906312113,390.7301940917969,57508900
2022-06-07,387.2289205256619,394.93364215486133,386.7639604571099,394.4781799316406,59272400
2022-06-08,392.7607584707246,394.55411386892246,389.3923243809042,390.1893615722656,64350000
2022-06-09,388.40551807213615,390.68277140939495,380.9095458984375,380.9095458984375,86289800
2022-06-10,374.6850834284205,375.5390499094263,369.81743684278183,369.8648681640625,132893900
2022-06-13,360.42368296422063,362.28343636021015,354.20864627859,355.82171630859375,170004900
2022-06-14,357.57718031270616,358.61143216554296,351.6373193482159,354.74957275390625,104011800
2022-06-15,358.06105206229864,364.2665916822706,353.089045254612,359.8069763183594,125666800
2022-06-16,351.56141089908436,351.9694129173552,345.4602315344534,347.8988037109375,134473300
2022-06-17,348.3152615671358,352.00319986018303,345.1323892326363,348.6487731933594,111113900
2022-06-21,354.39508075105675,358.8167847118206,354.3188279292555,357.42547607421875,76811900
2022-06-22,353.18486094043567,360.9038171947583,352.7655576024374,356.77752685546875,90059400
2022-06-23,358.9216285511947,361.00857698686605,355.3480408952912,360.2748107910156,79292100
2022-06-24,363.45768235964005,371.7388784729005,363.4290948216974,371.7293395996094,98050300
2022-06-27,372.65374434063085,372.9491586215477,369.21358425811263,370.3094787597656,66009600
2022-06-28,371.87238547630193,374.66454224306847,362.62869181609204,362.7430419921875,86548900
2022-06-29,363.29574686594935,364.286801041329,360.6179404700163,362.4476013183594,65676000
2022-06-30,358.5404645110338,362.75254644984545,355.0335903944629,359.5029602050781,112508300
2022-07-01,358.84543616792405,363.7436484326006,356.21526590396945,363.3052673339844,74839700
2022-07-05,358.19742913117045,364.0104717926043,355.3576072193394,363.99139404296875,81438000
2022-07-06,364.1343488121394,367.7174760792101,361.7424467576076,365.2207336425781,70426200
2022-07-07,367.00273549110653,371.4911540880881,365.23975951148003,370.690673828125,64525900
2022-07-08,369.05157936616473,372.2630682971359,367.5173328363373,370.3857421875,72397800
2022-07-11,367.6983874150096,368.6703928823558,365.4589331166824,366.15460205078125,58366900
2022-07-12,365.60183463812973,367.99376527770045,361.1610528959377,362.91448974609375,62219200
2022-07-13,357.454065545386,363.95323724739484,357.03476226900284,361.0085754394531,84224600
2022-07-14,356.03425591745093,361.21834439836414,353.58517849459673,360.1319885253906,89704800
2022-07-15,364.5535928494989,367.1265877056468,362.63816955892236,367.0122375488281,79060400
2022-07-18,370.109409022233,370.7860002847752,362.7525805204478,363.9819030761719,63203600
2022-07-19,367.91751039048773,374.3880945343519,367.25999702205866,373.8163146972656,78506000
2022-07-20,374.00697188868077,377.61868645262103,372.63471171351443,376.1987609863281,71843800
2022-07-21,375.6174381384512,380.07726877334886,373.2064587109506,380.0296325683594,64903900
2022-07-22,380.15350258530145,381.35420826114387,374.2737469034611,376.503662109375,72197300
2022-07-25,377.1326458462782,377.8187758914489,374.71212748110185,376.96112060546875,53631500
2022-07-26,375.31251747797376,375.52216914554964,371.6055305018474,372.5013122558594,52946400
2022-07-27,375.80796415604647,383.92717328867286,375.5125499261149,382.1737365722656,82342100
2022-07-28,382.98381076172706,387.6628029165216,379.41973266149375,386.9671630859375,73966600
2022-07-29,388.40613000686983,393.5997563368219,387.6342373050366,392.6086730957031,87003700
2022-08-01,389.9022899930606,393.9618954868596,389.1875723544022,391.4460754394531,69997500
2022-08-02,389.8737490000472,393.5712266786126,387.68195961257857,388.8636169433594,63435400
2022-08-03,390.9981782761689,396.12509070824535,390.71230285807104,394.9529724121094,67820600
2022-08-04,394.8767311502338,395.5628612557088,393.0375313820632,394.6861572265625,45656600
2022-08-05,390.3883404180062,394.66710773827515,390.33116532861703,394.01910400390625,56814900
2022-08-08,395.71527595505336,397.97377871678725,392.4561511932812,393.56158447265625,53886100
2022-08-09,392.8278470466538,393.33291297938877,390.9219334767961,391.998779296875,44931800
2022-08-10,399.07923026953097,400.3752665840471,397.11614167304344,400.2322998046875,68665700
2022-08-11,403.09117008096246,404.95898626712,399.48899469613326,400.2322998046875,59489700
2022-08-12,402.1763753606097,407.1126848285764,401.2234185174377,407.00787353515625,61694500
2022-08-15,404.78743836093645,409.2091717509519,404.73026328105976,408.6850280761719,54048300
2022-08-16,407.608208672531,411.42003574290754,406.79818960368954,409.48553466796875,59289000
2022-08-17,405.87389221829915,409.29500412969037,404.5683458687138,406.5790710449219,63563400
2022-08-18,406.7791686611495,408.446843237324,405.4831612355664,407.7607421875,49023200
2022-08-19,404.98758272951426,405.25440946456814,401.4044559314192,402.28118896484375,68016900
2022-08-22,397.4306778466823,397.6022321971417,392.9994339182443,393.9047546386719,77695600
2022-08-23,393.4758968870475,395.8773668795127,392.39905094051335,392.9517822265625,49105200
2022-08-24,392.72301638510424,395.5818868105569,392.0369154016521,394.20965576171875,49177800
2022-08-25,395.705788546093,399.8225690705073,394.60989399755806,399.7749328613281,50942300
2022-08-26,399.6605680087445,400.2037312847819,386.1857448401869,386.242919921875,103087000
2022-08-29,383.2792309230537,386.74797850113623,382.32627413715045,383.6889953613281,65370800
2022-08-30,384.8515882073733,385.0898273941945,377.37087192480084,379.4768981933594,85652400
2022-08-31,381.1160225349225,382.36439367038383,376.4560787038959,376.5894775390625,76029700
2022-09-01,374.4071820841404,378.1141686261382,371.69124959831555,377.7711181640625,78740100
2022-09-02,381.44949959452725,382.6692829844878,371.96756897369653,373.7877197265625,99632100
2022-09-06,374.63594456887637,375.5793625780909,370.14752578687444,372.37744140625,76637400
2022-09-07,372.06293062608904,379.83906190032036,371.8437691661729,379.0671691894531,70964200
2022-09-08,376.78964569422635,382.0022920606775,375.5793718090097,381.5448913574219,80821700
2022-09-09,383.79383097216476,388.3394537414485,383.5270042184785,387.4722595214844,76706900
2022-09-12,389.5496799938614,392.360914189905,389.2447268378426,391.63665771484375,69256300
2022-09-13,382.92662471653426,384.1368984857324,373.48284825864073,374.6073303222656,122947100
2022-09-14,375.912884639726,377.561510437167,372.72047341951594,376.0367736816406,85023700
2022-09-15,374.473911020677,377.3327815354644,370.4905584164042,371.76751708984375,87633800
2022-09-16,367.57262481623485,369.59160962495736,365.63014767599446,368.9313659667969,103084800
2022-09-19,365.7736885415829,371.7923889160156,365.6971224730672,371.7923889160156,73278500
2022-09-20,368.4528856307902,369.46716694201893,364.75937617695666,367.52471923828125,77274900
2022-09-21,369.45756777486804,372.5195676498082,361.1040999209618,361.1136779785156,106746600
2022-09-22,360.33861628892794,361.98443625276843,357.3340552999548,358.0804138183594,89472600
2022-09-23,354.5973575655179,354.63564059434674,347.62178673365196,352.080810546875,122346900
2022-09-26,350.6072445688274,354.24334411898207,347.37301464402196,348.5978088378906,92581200
2022-09-27,352.14778414446056,354.42514263246454,345.3061598238864,347.7079162597656,108294100
2022-09-28,348.6647772350154,356.24318175796077,346.96154744867806,354.5495300292969,110802200
2022-09-29,350.9899839667711,351.27703369645445,344.18664256070633,347.14337158203125,112952300
2022-09-30,346.19604000195835,350.1287964039732,341.64135226905466,341.7752990722656,153711200
2022-10-03,345.50711675915556,352.65494737821973,343.7177718900961,350.7986145019531,89756500
2022-10-04,356.33895028366675,361.6974366671643,350.760402138184,361.6687316894531,103602800
2022-10-05,357.2862230097623,363.0944101650707,354.9514544776004,360.8266296386719,88065700
2022-10-06,359.4200436718051,362.3863509600016,356.6068393173464,357.10443115234375,82333500
2022-10-07,353.0568296246811,357.19052094050096,345.3731537119263,347.14337158203125,107789500
2022-10-10,348.2628422902701,348.5020600961187,342.24414332012117,344.4927673339844,76042800
2022-10-11,342.78959291529037,347.37301498969447,340.3687094983833,342.3111572265625,92482800
2022-10-12,342.7226766824615,344.3015088110952,340.9333024551827,341.1820983886719,76991800
2022-10-13,334.1490737929538,351.65983900154305,333.09650934849225,350.1862487792969,147254500
2022-10-14,352.6549207827784,354.2911917996768,341.5647854530019,342.2059020996094,123737000
2022-10-17,348.31079674902963,352.1095776923561,341.8710411766843,350.9996032714844,93168200
2022-10-18,358.95114250184974,359.2573483322076,351.6693365808902,355.1236572265625,97162900
2022-10-19,353.07597434848265,355.8126417822186,349.7843343422343,352.60711669921875,79746900
2022-10-20,352.1573276114291,356.5972242614072,348.8848150632648,349.65032958984375,88283100
2022-10-21,349.37284665803384,358.6353538939938,347.8610028428061,358.1473693847656,131038400
2022-10-24,359.67835796017783,363.66849482840456,357.0182277795015,362.5298156738281,85436900
2022-10-25,362.45331306063844,368.6346939112867,362.3384931688921,368.3189392089844,78846300
2022-10-26,365.1612636230857,370.86420906296183,364.9029188543151,365.54400634765625,104087300
2022-10-27,366.5487088981551,368.39546356431134,362.9699902522956,363.59197998046875,81971800
2022-10-28,363.4867286085135,372.7205316401089,363.30492070912123,372.2420959472656,100302000
2022-10-31,369.7733746190449,371.6488343281588,368.6442734105965,369.55328369140625,96631300
2022-11-01,373.313829651351,373.55304750624583,366.759254586953,367.9361877441406,85407600
2022-11-02,367.3429405262177,371.86895295670394,358.59715073623875,358.702392578125,126990400
2022-11-03,355.4490027437404,358.0612720504973,352.8845945254816,355.00885009765625,87100100
2022-11-04,360.7404907966008,362.5298355084349,354.0423914979902,360.1185302734375,103505200
2022-11-07,361.4198817033071,364.15654904195054,359.3339090978177,363.56329345703125,68286900
2022-11-08,364.6731813774781,368.51024436399695,361.42940308424005,365.5248107910156,84641100
2022-11-09,363.54410453233925,364.701939825667,357.49667093242965,357.9942626953125,78495500
2022-11-10,371.31396196649206,378.00251339358414,369.00792742280294,377.6676025390625,141455800
2022-11-11,378.5287377221533,382.1265833794771,376.6341219172314,381.32281494140625,93839900
2022-11-14,379.55263072845537,382.9208077010258,377.8015396320112,378.07904052734375,71903500
2022-11-15,383.8489618853264,384.9589362297327,377.4761947639268,381.3036804199219,93194500
2022-11-16,379.6674013983378,380.6242727188842,377.76323681489697,378.394775390625,68508500
2022-11-17,373.6200265181567,377.9163992813692,373.3138498403958,377.23699951171875,74496300
2022-11-18,380.5859792858429,380.6529672847848,376.08870172305114,378.9497375488281,92922500
2022-11-21,377.6197299856339,378.74883118944996,375.7251141679959,377.5718688964844,51243200
2022-11-22,379.52393388792524,382.81557406409473,378.1077536070245,382.65289306640625,60429000
2022-11-23,382.31793318486797,385.55216299448375,382.088293407133,385.0641784667969,68261600
2022-11-25,384.49959168124366,385.5330290650388,384.22212002199467,384.97802734375,30545400
2022-11-28,381.8778357555847,383.5236558705619,378.0694767496235,378.8349914550781,67881600
2022-11-29,378.96887743191024,380.16496659083106,376.33748128228444,378.18426513671875,52310000
2022-11-30,378.43308560274,390.09735107421875,376.5097938188314,390.09735107421875,144566700
2022-12-01,391.14033888821655,392.3173013046343,387.29372610500184,389.810302734375,76398200
2022-12-02,384.9014803886444,390.26951436446797,384.7962385623238,389.3605041503906,85342700
2022-12-05,386.52820609599246,387.46592136062503,380.99749068100294,382.3562316894531,77289800
2022-12-06,382.19363351300757,382.73902808369684,374.7491742915764,376.8446960449219,77972200
2022-12-07,375.9930698766285,378.57663447203373,375.06490340212804,376.2035827636719,65927900
2022-12-08,378.09809980723224,380.2223258368994,376.308726134903,379.150634765625,60737900
2022-12-09,377.9067999497378,380.4712083402084,376.19399193608393,376.3183898925781,81447700
2022-12-12,377.112582581271,381.7438659667969,376.442790105869,381.7438659667969,75405800
2022-12-13,392.5278574617476,392.7862022737009,381.8587452734712,384.6336669921875,123782500
2022-12-14,384.2890547608912,388.01129799880636,379.21764873640876,382.17437744140625,108111300
2022-12-15,377.2944096015872,378.20344918024006,371.16088916537103,372.8258361816406,117705900
2022-12-16,370.2601841754804,371.6059498118414,366.2805608411349,368.4241638183594,119858000
2022-12-19,368.6163952350112,368.9528439474984,363.6274261236804,365.3000183105469,79878100
2022-12-20,364.540732313434,367.42452886238306,363.2141812072381,365.79998779296875,74427200
2022-12-21,368.40491962893446,372.40378672559586,367.8666134174116,371.2695007324219,78167400
2022-12-22,368.2127275871549,371.25033000117605,360.2534506465405,365.9729919433594,100120900
2022-12-23,364.94439051791056,368.2223089378742,363.3871453178878,368.078125,59857300
2022-12-27,367.9627904177246,368.30883188044186,364.9444029828394,366.6266174316406,51638200
2022-12-28,366.5592520446096,368.53948537894604,361.83946564754007,362.0701599121094,70911500
2022-12-29,364.9251970537468,369.4623710215703,364.39648347005243,368.5876159667969,66970900
2022-12-30,365.89608574575635,367.76091368309494,363.77166803325207,367.6167297363281,84022200
2023-01-03,369.481572187265,371.4617765380731,363.19488834099036,366.069091796875,74850700
2023-01-04,368.33765230201516,370.93308049903527,365.2808355085404,368.89520263671875,85934100
2023-01-05,366.93417161302125,367.04951874909483,364.08883469308677,364.684814453125,76970500
2023-01-06,367.78969873225174,374.172514342468,364.71366740381876,373.0478210449219,104189600
2023-01-09,375.24908873294936,378.4501182538117,372.65369031289714,372.8363037109375,73978100
2023-01-10,372.2500184786919,375.51831490424064,371.3079678453285,375.4510192871094,65358100
2023-01-11,377.0371345019458,380.2765941727516,376.22005305330094,380.1996765136719,68881100
2023-01-12,381.3051469866937,383.05462766402485,377.21976916675254,381.5838928222656,90157700
2023-01-13,378.3732900744213,383.6410351388549,378.1041369301359,383.06427001953125,63903900
2023-01-17,383.0449767054199,384.72719084603705,381.6799671808479,382.3624572753906,62677300
2023-01-18,383.55450959642553,384.6215000897915,376.1239176301297,376.3257751464844,99632300
2023-01-19,374.2783256823662,375.93170353647497,372.2596915755027,373.58624267578125,86958900
2023-01-20,374.9896330898137,380.6995518316875,373.3362554518386,380.5457458496094,91806400
2023-01-23,381.35320420051227,387.05350088541945,380.3919388167981,385.11175537109375,84178800
2023-01-24,383.4295175059516,385.61157923279035,382.23755789038205,384.6983947753906,59524900
2023-01-25,380.6130286416279,385.17903907302156,378.315590364586,384.84259033203125,84800300
2023-01-26,387.51492880424684,389.2356020993196,384.5350001709371,389.0721740722656,72287400
2023-01-27,388.02434964984155,392.3500434455685,387.8128701130754,389.9660949707031,68346200
2023-01-30,387.1976915435842,389.4374563543724,384.7753132953742,385.07330322265625,74202000
2023-01-31,385.5923927248843,390.78321999260135,385.24632192810753,390.73516845703125,86811800
2023-02-01,389.51431717670346,397.64664301137975,386.7651124067299,394.8877868652344,101459200
2023-02-02,398.7905270630348,402.106904238457,396.88724045408844,400.63616943359375,101654500
2023-02-03,395.647206038585,400.81881836953994,395.16657335854075,396.3777770996094,94736800
2023-02-06,393.91692329199503,395.35882127051354,392.2923825560251,393.9553527832031,60295300
2023-02-07,393.032553598725,400.3573907721146,391.7829203949697,399.1077575683594,90990700
2023-02-08,397.12757052570265,398.47333618854617,394.05150958021073,394.7436218261719,76227500
2023-02-09,398.35794092957406,398.5117468918236,390.09105380546026,391.32147216796875,78694900
2023-02-10,390.13912999380653,392.61921095554237,389.32207793747637,392.2347106933594,70769700
2023-02-13,392.88835553423695,396.97373306906144,392.4269376283513,396.8391418457031,64913500
2023-02-14,395.31076019339895,398.9731788953455,392.6865245158335,396.65655517578125,88389300
2023-02-15,394.45521294070613,398.02149891037635,393.6092948018598,397.9446105957031,61555700
2023-02-16,392.9556477537095,396.9160560713669,392.3308311796985,392.46539306640625,76431500
2023-02-17,390.33139419613065,391.72524064683955,388.3992415120903,391.48492431640625,89257800
2023-02-21,387.4476335398875,388.50503135725484,383.3718775916629,383.63140869140625,82655900
2023-02-22,384.04471289617135,385.59236532715204,381.6415495785843,383.1026916503906,83742300
2023-02-23,386.0057580520141,386.620982031087,380.9014407760876,385.140625,96242400
2023-02-24,380.1035606580243,381.86266335503956,378.39250949469886,381.0263671875,108194400
2023-02-27,384.381158691797,385.7461683533758,381.3820155880344,382.3240661621094,80444700
2023-02-28,381.8434086975598,383.813990740724,380.8052257918585,380.9109802246094,96438600
2023-03-01,380.0939202853675,381.32433871048954,378.142552876725,379.4498596191406,99706800
2023-03-02,377.4696443451899,383.2468580842527,377.13319562899125,382.40093994140625,85127800
2023-03-03,384.22736466723944,388.7837823723887,383.5737112700418,388.5338439941406,90120000
2023-03-06,389.3605300454294,391.6675904235153,388.3608351727829,388.8030090332031,72795900
2023-03-07,388.75491401914974,388.99523033703184,382.22791461153497,382.8431091308594,108310600
2023-03-08,382.95848712046245,384.2273349889294,381.2281920235724,383.46795654296875,74746600
2023-03-09,384.2561789471598,385.9288005055939,375.4029338100162,376.3930358886719,111945300
2023-03-10,375.8451291239822,377.9310878372953,369.43350567904514,370.9619140625,189253000
2023-03-13,367.0207168016272,375.2683898395796,365.9056454879313,370.4331970214844,157790000
2023-03-14,375.3741210898015,378.20986562096294,372.05774388118834,376.5564880371094,149752400
2023-03-15,370.9427111182641,374.4032430136639,368.84713029743835,374.2013854980469,172996900
2023-03-16,371.83665113455567,381.11285543111916,371.3271816979503,380.76678466796875,143254200
2023-03-17,379.43135317104435,380.5699682371999,374.92509838056725,376.3146057128906,140553400
2023-03-20,377.096197140022,380.34804947070256,376.39181416317825,379.93310546875,93055800
2023-03-21,383.31039166596554,385.4043115062477,381.70859761316973,384.9218444824219,91524200
2023-03-22,384.7481478831017,388.376279731483,378.3216838515816,378.3602600097656,111746600
2023-03-23,381.23577448444496,385.28850910550153,376.6619967001418,379.38311767578125,119351300
2023-03-24,378.09975447868356,381.9594906772583,375.745313041757,381.8726501464844,107682400
2023-03-27,384.1595170439499,384.93148190774815,381.6892883746926,382.586669921875,74010400
2023-03-28,381.89189703603546,382.5866506547417,379.88484738613244,381.7278747558594,62871700
2023-03-29,385.9060563665928,387.5175091402753,384.69988883904426,387.2762756347656,77497900
2023-03-30,389.92019324080144,390.1710855147399,387.67190988130295,389.54388427734375,69840000
2023-03-31,390.4702744892863,395.33355107247746,390.3641164152667,395.034423828125,112062600
2023-04-03,394.51327502786114,396.94489812673964,394.1176485509198,396.5396423339844,67391100
2023-04-04,397.1861680428209,397.4756659402077,392.95975198905785,394.3396301269531,66601500
2023-04-05,393.60625610917623,394.36856226217395,391.6474411444736,393.30712890625,65200200
2023-04-06,392.50621625119436,395.12120875106916,391.45444166145506,394.84136962890625,63743300
2023-04-10,392.35184076274294,395.323854285077,391.73429825063636,395.24664306640625,63681000
2023-04-11,395.873825281643,396.76154805541603,394.58081727814005,395.3527526855469,59297900
2023-04-12,397.42738819941474,397.7168860870642,393.15273736359126,393.7413330078125,86420400
2023-04-13,394.83170763787456,399.3283038460065,393.68343376221134,398.9712829589844,85814800
2023-04-14,398.3344063770291,400.5344547422886,395.6808378490979,397.9966735839844,78161500
2023-04-17,397.90982075343015,399.444062248447,396.67470643651706,399.4247741699219,66436400
2023-04-18,401.0072575989454,401.14236249332856,398.30545418576855,399.685302734375,63560000
2023-04-19,397.76511153607095,400.52480875839643,397.70721784941026,399.6177978515625,55227300
2023-04-20,396.7905539322404,399.193259931611,395.8835134974897,397.43707275390625,75840400
2023-04-21,397.7361298114724,398.2089380268862,395.7869738207864,397.74578857421875,73457400
2023-04-24,397.5431946362604,398.5853399658447,396.2019515357637,398.1607666015625,64332100
2023-04-25,396.182596147338,396.7422743683408,391.7824993811231,391.84039306640625,97766700
2023-04-26,392.4579848078688,393.5387062510406,389.62107629581755,390.18072509765625,80447000
2023-04-27,392.7281590569557,398.2186361671352,392.47726678031995,397.9484558105469,92968400
2023-04-28,397.0606918017015,401.3546599841194,397.00279811610284,401.3450012207031,89433100
2023-05-01,400.90112217868585,402.9757243479049,400.7081236035476,400.9397277832031,62122300
2023-05-02,400.2257167618957,400.2739811366578,393.51944225597487,396.43353271484375,103998500
2023-05-03,396.9352787160303,399.3572727392138,393.4711688178537,393.71240234375,91531800
2023-05-04,392.6606060841038,392.98868012756435,389.5824641073576,390.9237365722656,94901900
2023-05-05,394.57121053373714,399.21254124798133,394.31068892506715,398.1607666015625,87891800
2023-05-08,398.48876058737375,398.7492821436909,396.85801991305124,398.2668151855469,50046800
2023-05-09,396.7133232875461,397.6396516896296,396.2887499683726,396.52032470703125,49220100
2023-05-10,399.3668972208996,400.0037572082906,394.5325683537426,398.3730163574219,96142900
2023-05-11,397.50460262588405,397.96775213394324,395.59402256278725,397.67828369140625,70157100
2023-05-12,398.923041820046,399.1353284857044,394.72557287711214,397.1571960449219,70481500
2023-05-15,397.76512913138123,398.9326911272858,395.84491972814425,398.5274353027344,54289400
2023-05-16,397.417726473918,398.34408437055214,395.8545380135922,395.86419677734375,57705500
2023-05-17,397.8905410307854,401.2774393485742,396.24051213507045,400.6695556640625,87287000
2023-05-18,400.3511463104752,404.95390074612783,400.1292303171092,404.5293273925781,97177200
2023-05-19,405.43636985479037,405.9670718257059,402.715248651571,403.9407043457031,103793300
2023-05-22,403.96000211108804,405.6486366872359,402.7152289496702,404.104736328125,60745400
2023-05-23,402.45463156002285,404.0371373438998,399.1738620794214,399.5694885253906,86383500
2023-05-24,397.9581530734607,398.3441208420047,395.5072120996541,396.6747741699219,89213700
2023-05-25,400.19673432873464,401.56695362242056,397.9484509723996,400.1098937988281,90961600
2023-05-26,400.7660523374588,406.015296007875,400.6888705691221,405.2915954589844,93830000
2023-05-30,407.2311484286882,407.7618504195425,404.056506905659,405.4460144042969,72216000
2023-05-31,403.61257689024336,404.5196171713142,401.6248152821385,403.1976623535156,110811800
2023-06-01,403.4292584266687,408.0899062054044,402.17485598730195,407.0284729003906,88865000
2023-06-02,409.6144939735416,413.70580481996393,409.0837920383036,412.9145812988281,91426200
2023-06-05,413.26193659754,414.5549446371605,411.41890910486813,412.1233215332031,65460200
2023-06-06,411.7083644173074,413.5513622720163,411.05218697831975,413.0206604003906,64022200
2023-06-07,413.41639105195054,414.5550062856108,411.1680779838814,411.5926513671875,85373300
2023-06-08,411.6601290941159,414.53564295041497,410.88819369048633,414.0821228027344,61952800
2023-06-09,414.88302796344124,416.84184286960624,413.8312534027369,414.82513427734375,85742800
2023-06-12,415.80939357946767,418.6655901207844,415.08569304232174,418.58837890625,76104300
2023-06-13,420.05513631910844,421.9946339135943,419.38932940762055,421.34814453125,95899700
2023-06-14,421.6858312205728,423.6639342094121,418.38574387055274,421.849853515625,100612100
2023-06-15,421.0296483104209,428.33420591477267,420.9331784663069,427.0798034667969,110303100
2023-06-16,429.072983957888,429.6444062311506,425.1504965071728,425.62506103515625,114165800
2023-06-20,423.67838900347647,424.56940938616935,421.3345614533151,423.4168701171875,76160400
2023-06-21,422.4289690630937,423.2328262923549,420.65656392245774,421.24737548828125,76982300
2023-06-22,420.28857012220664,422.8744976898845,419.9495827719529,422.7679748535156,70637200
2023-06-23,419.3006849131147,421.36363393799417,418.85517470261544,419.5718688964844,92074500
2023-06-26,419.00044966479635,420.92779193386053,417.6154753664924,417.85760498046875,72823600
2023-06-27,418.73888224503673,423.05846547704135,418.2836774733641,422.4386291503906,72813700
2023-06-28,421.35395365804493,423.66872701668484,420.73411719928765,422.65179443359375,75636000
2023-06-29,422.23528771625286,424.48225757414235,421.8285265262779,424.3175964355469,67882300
2023-06-30,427.5427892084747,430.3127378029379,427.2231615664442,429.3248596191406,104964000
2023-07-03,428.9761498891222,430.099605137091,428.6952712987132,429.8187561035156,32793400
2023-07-05,427.99794136005,429.9156183055728,427.98824671850423,429.1795349121094,58418400
2023-07-06,425.5863516723805,426.2449370649579,423.3006329683059,425.81878662109375,80658300
2023-07-07,424.8212419223924,428.705010268812,424.50161428998615,424.7437438964844,86134200
2023-07-10,424.3853688047475,425.9931128326287,423.8139465179375,425.81878662109375,62443500
2023-07-11,426.5839377782571,429.02459348677553,425.60572474369303,428.5306396484375,64463800
2023-07-12,432.33695330463644,433.3926348395561,430.90353539722554,431.97857666015625,91924500
2023-07-13,433.7993604938544,436.20129662814134,433.3635449730267,435.4071044921875,72425200
2023-07-14,436.29818974063414,437.15046112494997,434.3708179806255,435.1359558105469,69815800
2023-07-17,434.9906923270125,437.702532140272,434.9422486708388,436.6468505859375,52680200
2023-07-18,436.3175222997564,440.5402481729128,435.88167721390397,439.891357421875,80668200
2023-07-19,440.6855470187412,442.0608265336728,439.8138568520883,440.86956787109375,65891700
2023-07-20,439.87195151577674,440.77266640468775,437.2278860233139,437.944580078125,70591600
2023-07-21,439.66854140008843,439.87195151577674,437.9349149941625,437.944580078125,71275600
2023-07-24,439.09717520084894,440.7146139077843,438.0608534359134,439.90106201171875,54023400
2023-07-25,439.6298829434647,442.36108235466685,439.5814392896044,441.1020202636719,55191200
2023-07-26,440.16256290012274,442.6032186524467,439.1068813802226,441.1698303222656,71052900
2023-07-27,444.5692659386792,444.97605663564536,437.33443294941236,438.2448425292969,92194400
2023-07-28,441.5281635177411,443.3683425271831,438.2448720243851,442.5354309082031,80011800
2023-07-31,443.0100405246931,443.7364293831208,441.69284002518833,443.3780822753906,62040400
2023-08-01,441.9058733052999,442.85503196396667,441.15043014655225,442.1092834472656,55291500
2023-08-02,438.9809707176882,439.24246004875226,435.2037548181366,435.9591979980469,93933400
2023-08-03,433.93497496555943,436.598400459704,433.2860546583424,434.70977783203125,64276100
2023-08-04,436.5306239523306,438.6419870167452,432.2207051555838,432.74371337890625,100128900
2023-08-07,434.5838374265156,436.6758404980112,433.88650306935034,436.5208740234375,58357500
2023-08-08,433.9736688423559,436.5112116276927,431.2521347714645,434.6225891113281,71361300
2023-08-09,434.89377992203646,435.0584410413958,430.9519032671321,431.717041015625,78789600
2023-08-10,434.08026054677345,437.47976956144277,430.7001408163222,431.8720397949219,93005500
2023-08-11,429.9931049607352,432.6371707700478,429.39262829617013,431.6202087402344,68690900
2023-08-14,430.70018556678906,434.0028076171875,430.3902525554547,434.0028076171875,47867400
2023-08-15,432.22061878344925,432.5789953553931,428.3756002376676,428.9470520019531,75707500
2023-08-16,428.5306071554129,430.19645984639186,425.6928555743393,425.7994079589844,80107200
2023-08-17,427.2716118614178,427.5331012079108,422.03192339080096,422.554931640625,95711300
2023-08-18,419.7268030238674,423.79459201752337,419.3781505964978,422.7582702636719,98852000
2023-08-21,423.77519396809026,426.2545985897725,421.6154169550539,425.50885009765625,68719000
2023-08-22,427.29090202930854,427.29090202930854,423.79456510834734,424.3562927246094,64994200
2023-08-23,425.42170429201707,429.7025685957629,425.27643244437724,429.08270263671875,68441000
2023-08-24,430.6904485230162,431.203762091387,423.10693291921746,423.1360168457031,88517300
2023-08-25,424.86965203853134,427.4071655617542,421.30551135792575,426.1190490722656,102325100
2023-08-28,428.31754904739176,429.4410338891343,426.1190230158921,428.8211975097656,61595400
2023-08-29,428.71468038762214,435.30062349579674,428.53065951997604,435.0197448730469,83081900
2023-08-30,435.35865448816713,437.45065748608874,434.65162551469643,436.8114318847656,69053900
2023-08-31,437.43127262707503,438.5741170969809,435.9881898567165,436.1722106933594,66084600
2023-09-01,438.9034557035346,439.3877148587065,435.52330670178793,436.98577880859375,58944100
2023-09-05,436.5402497697778,436.8598477933536,435.02936363557404,435.0971374511719,55166200
2023-09-06,434.2836040318296,434.39015641541886,429.83810853841925,432.1722412109375,70758500
2023-09-07,429.1601559057676,431.5233430664757,428.81150348377855,430.84539794921875,70355400
2023-09-08,430.89381655306994,433.0342338731247,430.53546948555345,431.4942932128906,61659700
2023-09-11,434.12865163508343,434.64196517344953,432.41438481227607,434.3320617675781,60180100
2023-09-12,432.87929231362625,434.4095383156122,431.36840603835697,431.9494934082031,67565400
2023-09-13,432.17227690873267,433.6153598507793,431.06815175751416,432.4531555175781,60199300
2023-09-14,434.93251744709244,436.87921911968556,433.62501183862486,436.181884765625,83430800
2023-09-15,434.5908789178783,434.9213331435618,430.48931345860746,430.9266662597656,111848900
2023-09-18,430.61567408318183,432.4818018322225,430.13943555280594,431.1794128417969,55752200
2023-09-19,430.25602991410364,430.8489254828746,427.5929384264587,430.2851867675781,66514600
2023-09-20,431.54875257145443,431.9666773901904,426.125340122441,426.3294677734375,82562600
2023-09-21,423.471964690838,423.7343763843457,419.1274153539834,419.2829284667969,104095800
2023-09-22,420.31317519118926,421.91686152279107,417.9221944600517,418.34014892578125,100829700
2023-09-25,417.1251866864549,420.13816022735995,416.6878042505996,420.09930419921875,70874500
2023-09-26,417.04748407255096,417.757007127835,413.09170246680674,413.9275817871094,96168400
2023-09-27,415.1035938461481,415.66733259102807,410.4383190788538,414.0927734375,104705800
2023-09-28,413.5388089482658,418.1749270371919,412.9459133257919,416.49346923828125,92258300
2023-09-29,419.55504406068815,419.72998517929483,413.9566909765415,415.4826354980469,115111300
2023-10-02,414.6467760157312,416.5712173953041,412.54739350922256,415.3174133300781,83798600
2023-10-03,413.13054906663035,415.37571578475433,408.3875031242602,409.7579345703125,103760600
2023-10-04,410.2244531415493,413.490139235064,408.7568223703676,412.74176025390625,87453000
2023-10-05,412.45018810032917,413.4318516223271,409.34974374781166,412.5862731933594,70142700
2023-10-06,410.12728008196234,419.0302053529861,408.795734309722,417.4848327636719,113273300
2023-10-09,415.57978989546524,420.7310611548999,415.02580970699125,420.1576232910156,80374400
2023-10-10,420.78935067645915,424.94922940579903,420.3908539476259,422.3444519042969,78607300
2023-10-11,423.4136764375653,424.3272678309944,421.02269555303803,424.0745849609375,62451700
2023-10-12,424.68687017880916,425.06590928014145,419.12740262422676,421.48919677734375,81154200
2023-10-13,422.9956702679193,424.20088940216954,417.8152716398533,419.3898010253906,95143100
2023-10-16,421.64473290593867,424.8715633375277,421.4017492227363,423.80242919921875,75433200
2023-10-17,420.66305688946227,425.84348547229143,420.313174633327,423.782958984375,75324700
2023-10-18,422.0043276099341,422.9665334664685,417.04745473303933,418.1360168457031,93559800
2023-10-19,418.85526089082725,420.6727739909263,413.78176069076767,414.46209716796875,121323000
2023-10-20,414.02474657512494,414.56902762423476,409.2622429037748,409.3691711425781,123919900
2023-10-23,407.83351751664156,412.5377077081286,406.0743180295289,408.65966796875,92035100
2023-10-24,410.7881854768129,412.89729677768196,408.931786683621,411.7406921386719,78564200
2023-10-25,410.0495212857847,410.0786781386675,405.31617465313394,405.831298828125,94223200
2023-10-26,404.76224904006455,405.61752672701243,400.0483594476178,400.9716796875,115156800
2023-10-27,402.56564465095477,402.9641414460812,397.7253990601317,399.1541442871094,107367700
2023-10-30,401.9532739816695,404.98570521187486,400.6508851667013,403.9263000488281,86562700
2023-10-31,404.49977716687243,406.78382964883156,402.58506461745475,406.4631042480469,79665200
2023-11-01,407.4350269329694,411.6143341639396,406.9004450659712,410.79791259765625,98068100
2023-11-02,414.60788374705487,418.8261063702263,414.58845573140115,418.67059326171875,94938900
2023-11-03,420.98377808691504,424.0453662261893,420.8574218397773,422.4902648925781,100167800
2023-11-06,423.24842292635685,423.9093314316939,421.5086514345454,423.4622497558594,67831700
2023-11-07,423.46222990258883,425.30889989202655,422.31535408043305,424.66741943359375,64256100
2023-11-08,425.2700231402192,425.7948761919887,422.6652452198862,424.97845458984375,61746000
2023-11-09,426.12530000386255,426.1641856948334,421.2364699177512,421.66412353515625,83174400
2023-11-10,423.7441380058594,428.55519739226753,421.6544544903988,428.2441711425781,89462200
2023-11-13,426.9028884941221,428.943927633025,426.1156237608668,427.8359375,52236100
2023-11-14,433.7938644872594,437.4288904558255,433.5703088478159,436.13623046875,97176900
2023-11-15,437.47749509718125,438.71187109713105,436.20426306686005,437.0595703125,77327600
2023-11-16,436.6124832436495,437.9148721110953,435.54334919989805,437.5941467285156,66665800
2023-11-17,437.6038458819822,438.7507513076313,436.68052576418063,438.138427734375,83133200
2023-11-20,437.885690142899,442.3565951941878,437.87596130543926,441.5110168457031,69936200
2023-11-21,440.4613575618605,441.38470738571004,439.2755960485925,440.548828125,49244600
2023-11-22,442.2108387941116,443.57154137515226,441.15143358240533,442.24969482421875,59394900
2023-11-24,442.2983245913,442.71624938753706,441.9678703574549,442.5218505859375,29737400
2023-11-27,441.8900657895949,442.70648730503876,441.3360559416218,441.724853515625,50506000
2023-11-28,441.33611150575734,443.4646509487185,440.7724024102266,442.1622619628906,62115000
2023-11-29,444.3199492892873,445.45712595738206,441.4527596750205,441.8512268066406,63146000
2023-11-30,442.69680962338475,443.9408848017652,440.6168552136203,443.5909729003906,79752700
2023-12-01,442.978681217379,446.7497927155819,442.3858152693998,446.2152404785156,89183400
2023-12-04,442.81345849809685,446.23465798918113,441.5888112755702,443.87286376953125,72430900
2023-12-05,442.4829505652876,444.7475451072162,442.10388183818117,443.78533935546875,69793500
2023-12-06,445.93339430944985,445.96255116642374,441.5596877967964,441.9970703125,69124700
2023-12-07,444.0866376096692,446.02077795454375,443.4840429089197,445.3695983886719,66995400
2023-12-08,444.6211808618315,447.81885390780826,444.3781972189081,447.2843017578125,83194400
2023-12-11,446.7887012753144,449.1991102070842,446.57487443732595,449.0241394042969,65002200
2023-12-12,448.6742710051641,451.1721505850768,447.6731793374885,451.074951171875,68327600
2023-12-13,451.45392076971996,457.54797007152996,451.0943096912645,457.2952575683594,93278000
2023-12-14,459.23914744875873,460.43463781217446,456.08035966207416,458.7629089355469,119026000
2023-12-15,458.16371199031266,459.344542615275,456.1534111366882,458.007568359375,141553700
2023-12-18,459.61775529658735,461.56950587867277,458.5540548031128,460.5838623046875,70375300
2023-12-19,461.1303435293572,463.4626997368389,461.0522866109777,463.3846130371094,55761800
2023-12-20,462.52588115351864,464.4190817502539,456.5340218793302,456.9634094238281,102921000
2023-12-21,459.9592904756651,461.5695085402511,457.5293705169891,461.2962646484375,86667500
2023-12-22,462.4282531099421,463.9116026187795,460.3203886798005,462.22332763671875,67160400
2023-12-26,462.6331790630877,465.0826056476979,462.5550923668575,464.175048828125,55387000
2023-12-27,463.9701495554804,465.16071859872636,463.4334300593357,465.01434326171875,68000300
2023-12-28,465.37542113223043,466.0292409103148,464.770383206952,465.19000244140625,77158100
2023-12-29,464.9948485504832,465.521829592495,461.88180371739503,463.84332275390625,122283100
2024-01-02,459.5143439023402,460.9839117212058,457.8890577311239,459.9912109375,123623700
2024-01-03,457.83068032303305,458.570335093064,455.6312290704376,456.234619140625,103585900
2024-01-04,455.75765509650716,458.346416709132,454.5411334571291,454.7649841308594,84232200
2024-01-05,454.9693418930569,457.8403447817746,453.93773394055324,455.3878479003906,86118900
2024-01-08,455.884242835596,462.0349842457667,455.7577198150965,461.8890075683594,74879100
2024-01-09,459.2320864754785,462.21012932199153,458.72602412321226,461.1882629394531,65931400
2024-01-10,461.4607624691406,464.6626560070687,461.17852110920177,463.7964782714844,67310600
2024-01-11,464.7988820904805,465.3146861106975,459.6116465550996,463.59210205078125,77940700
2024-01-12,465.04220480544996,465.7818595429952,462.502121615046,463.91326904296875,58026400
2024-01-16,462.531291886232,463.84511156166917,460.3902018147457,462.2101135253906,85014900
2024-01-17,459.183486246918,460.12750840636863,457.28570024897624,459.6408996582031,68843900
2024-01-18,461.31477246365523,464.2830735453687,459.7673604180853,463.72833251953125,91856200
2024-01-19,464.85732943436926,469.79154925027024,463.7770722736198,469.5093078613281,110834500
2024-01-22,471.0469830334159,472.22456782073624,469.8499148891261,470.5019836425781,75844900
2024-01-23,471.0469649925702,472.1174803762762,469.956966252641,471.8741760253906,49945300
2024-01-24,474.74521482696895,475.679495288325,471.89369474893255,472.3900451660156,81765000
2024-01-25,474.52136032734217,475.23181977158964,472.39004139507995,474.9593200683594,72525000
2024-01-26,474.5310374710035,476.02005880762255,473.50917114792156,474.3558654785156,76641600
2024-01-29,474.66734997690736,478.2585246858996,474.12235058965683,478.1125183105469,61322800
2024-01-30,477.421527922976,478.4531359964777,476.983568210537,477.7427062988281,58618400
2024-01-31,475.5334936248827,475.98116532447904,469.9277517507619,469.9472351074219,126011100
2024-02-01,471.65038103588824,476.1271872790658,470.8425939142762,476.0979919433594,91891600
2024-02-02,476.53588232086173,482.7644675885541,476.19525029914104,481.1100158691406,99228200
2024-02-05,480.47743909484853,481.13921979443177,477.10037355108614,479.35821533203125,75757100
2024-02-06,480.30226806860526,481.08085985334736,478.8716372206463,480.7499694824219,55918600
2024-02-07,482.99806143919835,485.1780588645302,482.092946704362,484.75958251953125,70556500
2024-02-08,484.7595848352,485.3532331832338,483.94208579679537,484.97369384765625,52343600
2024-02-09,485.4797418906366,488.21448028265473,485.1391098762786,487.77655029296875,63979400
2024-02-12,487.7473831666172,490.01496666720067,486.84226840178366,487.5624694824219,56502300
2024-02-13,481.2851887040555,483.7766228154562,477.57723287028176,480.84722900390625,113099200
2024-02-14,483.4847151074999,485.70364975049426,481.1587110987094,485.217041015625,68387800
2024-02-15,485.91772783399097,488.74979405458623,485.4408311080291,488.56488037109375,61683000
2024-02-16,488.2632150838705,489.401862888149,485.3922116760664,486.1318664550781,75532900
2024-02-20,484.3897552215933,485.06127758934093,481.20734508331265,483.4554748535156,71736700
2024-02-21,482.15139479243277,484.0491509708409,480.3411949189208,483.8934326171875,59293400
2024-02-22,490.51131764803023,494.87131264849836,489.54781221335594,493.9078369140625,76402500
2024-02-23,495.6304262293698,496.4674086571224,493.51856105397593,494.24847412109375,61321800
2024-02-26,494.6863621015271,495.12432178467435,492.311709415622,492.438232421875,50386700
2024-02-27,493.1292673855463,493.57693907250416,491.23148157958644,493.35308837890625,48854500
2024-02-28,491.7959045901359,493.28492593001334,491.435818926933,492.7010192871094,56506600
2024-02-29,494.4626085780751,496.0878651256629,491.81545586381117,494.4723205566406,83924800
2024-03-01,495.3482154895911,499.54275051356746,494.9394511031337,499.1145324707031,76844800
2024-03-04,498.31658685191803,500.42845220247364,498.28736181458015,498.5793151855469,49799300
2024-03-05,496.57450936840746,497.02221082212054,491.3872729351219,493.5964660644531,72855600
2024-03-06,496.8761572948693,498.3554668272533,494.8032290742474,496.09759521484375,68382400
2024-03-07,499.39680772832526,502.0731556685532,496.15597704493354,501.0220642089844,58652100
2024-03-08,501.6547157196658,504.34074613282087,497.4406672975321,498.0148620605469,86532500
2024-03-11,496.8080468189585,498.17054528765857,494.88106560592894,497.58660888671875,62557200
2024-03-12,499.6984700657358,503.5232071984046,497.17781094345105,502.9393005371094,73114400
2024-03-13,503.26048317387085,503.43565519442245,500.7106580961506,502.1510009765625,55104100
2024-03-14,503.12418400270946,503.27993205507374,498.1121499011311,501.1583251953125,110171800
2024-03-15,498.08804798108406,499.54266772632866,496.0477073102581,497.7170715332031,107646300
2024-03-18,501.78803927024387,503.232857358906,500.26510519204714,500.67510986328125,88893300
2024-03-19,499.9819506807113,503.7404554386333,498.9763936514032,503.4573669433594,60755300
2024-03-20,503.5159556369905,508.2507017437704,502.8423468084039,508.114013671875,69594600
2024-03-21,510.9549118204902,511.6577769054798,509.5100342818405,509.7931823730469,60256100
2024-03-22,509.7052719913618,510.1933925850028,508.59234273745244,508.8266906738281,79070800
2024-03-25,507.45018520809214,508.57288646937474,507.26469698888116,507.4209289550781,48512100
2024-03-26,508.8462213354942,509.1879415331935,506.0835014250274,506.4837341308594,65463700
2024-03-27,509.31483823022427,510.7792000886694,507.1475516955064,510.7401123046875,82999800
2024-03-28,510.77911358782484,512.1458153398996,510.3593370763644,510.6424255371094,96294900
2024-04-01,511.38445509453464,511.92137584867254,508.5923599199536,509.75408935546875,62477500
2024-04-02,505.9272809933223,506.6496900205949,504.20908677438206,506.5130615234375,74230300
2024-04-03,505.41957743973774,508.5728771082824,505.3707772955882,507.0694274902344,59155800
2024-04-04,511.08182923475704,511.42348983220387,500.57746403679687,500.8800964355469,96858100
2024-04-05,502.23702229721215,508.0749250607822,501.7977018812348,506.1126708984375,74546500
2024-04-08,506.81558805859675,507.8210854017469,505.58551474588614,506.395751953125,48401800
2024-04-09,508.13361656448893,508.377676899054,502.12970850017103,506.9816589355469,68049200
2024-04-10,501.2802817017724,503.8966008078219,499.9233518012494,501.90509033203125,82652800
2024-04-11,503.4281061989144,507.13781122017554,499.9136613545702,505.6929931640625,70099000
2024-04-12,502.1492186619509,503.5647804243456,496.98489398756476,498.7128601074219,92561100
2024-04-15,502.8911229007107,503.05706721719804,491.6155194168172,492.4648742675781,92101400
2024-04-16,492.94324564322153,494.4661795680653,490.27809637848605,491.5667419433594,73484000
2024-04-17,494.0268584590965,494.1928325755386,487.26151394107353,488.65753173828125,75910300
2024-04-18,490.0535522630773,492.1524648158817,486.714794359639,487.6519775390625,74548100
2024-04-19,487.5739720999012,488.5697275309103,482.12652879623903,483.3956604003906,102212600
2024-04-22,486.00224053735934,490.4441567598784,483.6592671479931,487.84735107421875,67961000
2024-04-23,489.85830389464087,494.0659010467374,487.6617612136965,493.6363525390625,64633600
2024-04-24,494.52477110173174,495.31552414024065,491.1762707245871,493.402099609375,55928100
2024-04-25,487.32011244956163,492.2891769636512,485.67026231159537,491.5277099609375,69122400
2024-04-26,494.31979324751813,497.7659238799117,493.68524235456005,496.1844177246094,64306100
2024-04-29,497.97090591945084,498.61522873285696,495.1983842873063,497.9416198730469,46415400
2024-04-30,496.4772431240589,497.45348436502843,490.0535888671875,490.0535888671875,77483600
2024-05-01,489.4678380773352,496.1160385437577,487.9937042701267,488.4623107910156,80242800
2024-05-02,492.17196991555153,493.8706497758126,487.6812546661218,493.03106689453125,62550200
2024-05-03,499.01547889074567,500.372438730604,496.47724569258963,499.14239501953125,72756700
2024-05-06,501.54392863434595,504.3359642334882,501.1046081667102,504.29693603515625,47264700
2024-05-07,505.2634287213709,506.2494419365131,504.17981521335923,504.8534240722656,52561300
2024-05-08,503.017991979403,505.439050807753,502.90084781577497,504.9021301269531,42047200
2024-05-09,505.0876186308662,507.8503975923716,504.43355378603155,507.8113098144531,43643700
2024-05-10,509.4123793926299,510.22267621072865,507.24515269449853,508.4654541015625,52233200
2024-05-13,510.14463540524883,510.25200764448437,507.3916278750611,508.5338134765625,36716400
2024-05-14,508.7290945781237,511.3845019246286,508.19217377481715,510.8670654296875,57535900
2024-05-15,513.3369504006804,517.4859756907869,512.7023697575905,517.193115234375,59504900
2024-05-16,517.290757880065,518.891807952925,515.9825682875961,516.1290283203125,50244800
2024-05-17,516.2461019816988,516.9392546781255,514.7915121402848,516.8709106445312,59187600
2024-05-20,516.9881429675341,518.9308537358257,516.5976225904213,517.4664916992188,37764200
2024-05-21,516.7050565718225,518.8918276886369,516.5000244352296,518.735595703125,33437000
2024-05-22,518.0424683735625,518.7551054535538,515.0648847480338,517.241943359375,48390000
2024-05-23,520.2975559093766,520.4049281460258,512.2532779910508,513.4638671875,57211200
2024-05-24,515.3088952889863,517.6714419020187,514.3619699226733,516.8611450195312,41291100
2024-05-28,517.6715045678355,517.9057929513657,514.5865486245773,517.222412109375,36269600
2024-05-29,513.1905202395113,514.7817983278129,512.8878878194378,513.6005249023438,45190300
2024-05-30,512.0581051762924,512.7219421093527,508.9438930493387,510.1934509277344,46377600
2024-05-31,511.15017117084983,514.9672481577884,506.0443890267406,514.84033203125,90785800
2024-06-03,516.4512383491438,516.7343269011582,510.1837257344974,515.2601928710938,46835700
2024-06-04,513.9519213593795,516.5780123549347,512.4875596797398,515.8360595703125,34632700
2024-06-05,518.1596136281009,521.9864628385163,516.1680432425981,521.9669189453125,47610400
2024-06-06,522.2695576901561,522.6991062505612,520.0242145910106,521.9571533203125,30808500
2024-06-07,520.980789635887,524.1340888487662,519.8874043907796,521.322509765625,43224500
2024-06-10,520.5122904328304,523.255525898201,519.916797584573,522.933349609375,35686100
2024-06-11,521.3811694677967,524.2513211148034,519.4091430834137,524.1927490234375,36383400
2024-06-12,528.7615900630306,531.1924214122917,527.4631724257194,528.4979858398438,63251300
2024-06-13,530.2453313113303,530.4210475438873,526.769915680151,529.5619506835938,44760900
2024-06-14,528.0293342324846,529.9134725597781,527.0237772162169,529.8842163085938,40089900
2024-06-17,529.2008719569648,535.4976399183048,528.7420075865693,534.1015625,55839500
2024-06-18,534.16013957423,535.585473259027,533.7403629842298,535.4585571289062,41376400
2024-06-20,536.3859370269113,537.0497738552268,532.2271402161125,534.00390625,70328200
2024-06-21,533.1803062748603,534.4045446160707,531.828742363983,533.2880249023438,64338600
2024-06-24,533.111823139434,535.6778223121559,531.4370433131713,531.5545654296875,45528700
2024-06-25,532.7787868983022,533.9638712753774,531.2607431275164,533.6015014648438,37936200
2024-06-26,532.4849577215607,534.9823921713983,531.8385861304241,534.2674560546875,38550600
2024-06-27,534.1303504208262,535.6876080791019,533.3860038559784,535.1097412109375,35041500
2024-06-28,535.883439640916,538.9391939081404,531.76024266257,533.0040283203125,76144500
2024-07-01,534.3848928648134,534.6297405125247,531.339002473828,534.1008911132812,40297800
2024-07-02,532.4948105764632,537.6953735351562,532.4458529900177,537.6953735351562,40434800
2024-07-03,537.3818563773293,540.457157354787,537.3427022712717,540.0947875976562,32789900
2024-07-05,540.3984429341523,543.6108134486142,539.7618150479054,543.2092895507812,41488400
2024-07-08,543.9927357696513,544.7860397915607,542.7684974779849,543.8360595703125,36110500
2024-07-09,544.795863484972,545.6968861634513,544.0711239537649,544.3649291992188,27289700
2024-07-10,545.5891159264746,550.0942886699685,545.2953107088132,549.7515258789062,38701200
2024-07-11,549.869152242232,550.7408243676441,544.3747844096212,545.0113525390625,53054200
2024-07-12,546.1376269625789,552.0531251206323,545.667538567234,548.448974609375,53084400
2024-07-15,550.4469707289841,553.1990561394715,548.0964091939553,549.957275390625,40584300
2024-07-16,551.2695891404957,553.5123721227574,550.5154392403327,553.2185668945312,36475300
2024-07-17,547.2835053633577,548.9582849622979,545.1386373621594,545.4618530273438,57119000
2024-07-18,546.9995524787638,547.988746727991,539.0860582622142,541.2700805664062,56270400
2024-07-19,541.0349619096787,542.6607838512468,536.6179005483158,537.6756591796875,65509100
2024-07-22,541.6030975244146,543.8263337080781,539.6639229224022,543.2191162109375,43346700
2024-07-23,543.111291105197,545.2659625762393,541.8773090500791,542.3670043945312,34439600
2024-07-24,537.5483785668235,537.8519873002513,529.1549928867055,530.0756225585938,74515300
2024-07-25,530.1930703849662,536.1771923025162,526.373482961852,527.3136596679688,61158300
2024-07-26,531.1040247828195,535.9128068838628,530.3302678617441,533.219482421875,53763800
2024-07-29,534.7669398202207,535.7756811771844,531.5349026238763,533.5328979492188,39515800
2024-07-30,535.0020485169553,536.05980735921,527.421572998221,530.829833984375,46853600
2024-07-31,537.6658891932146,542.0927543010554,536.2947780748914,539.4581909179688,65663400
2024-08-01,541.182004821608,543.4345918031046,528.3127948091756,531.8190307617188,76428700
2024-08-02,524.7085981454201,525.9230331199286,517.7059303208597,521.9173583984375,82789100
2024-08-05,501.0955002341847,512.7894282399624,499.75370979338373,506.7171936035156,146267400
2024-08-06,508.51921810050686,518.8322310175004,507.19706454680966,511.3888854980469,84826300
2024-08-07,517.5785847252098,520.63433876445,507.3733501679388,507.97076416015625,70698300
2024-08-08,513.1126009988247,520.3405097902447,511.08531467340157,519.7137451171875,63276600
2024-08-09,518.8909769209239,523.4941251002426,517.6667385635127,522.0054321289062,45619600
2024-08-12,523.2003538167259,524.6889871074426,520.0075304089534,522.2797241210938,42542100
2024-08-13,525.4726249427702,531.1041225821112,525.2277772193205,530.8690185546875,52333100
2024-08-14,531.6622865517797,533.7288466275766,528.9885687226673,532.5437622070312,42446900
2024-08-15,538.1751988274788,541.9556326474029,537.5679813653051,541.671630859375,60846800
2024-08-16,540.0555332245729,543.581375155023,539.8988570348282,542.885986328125,44430700
2024-08-19,543.2973511166235,548.0767822265625,542.4452860411917,548.0767822265625,39121800
2024-08-20,547.6264067744836,549.2815796690877,545.843908289735,547.1856689453125,33732300
2024-08-21,548.2335208659752,550.5252615016209,543.2973537542563,549.0659790039062,41514600
2024-08-22,550.9660777475402,551.5732952522009,543.5422788578662,544.7567138671875,56121500
2024-08-23,547.9985298599797,551.4851585059275,545.8046443878154,550.544921875,50639400
2024-08-26,551.5732410031779,552.2881770773529,547.528352675827,549.2324829101562,35788600
2024-08-27,547.9593482100599,550.4763897351174,546.8134777136145,549.9866943359375,32693900
2024-08-28,549.6439450462528,550.0748793992682,543.601060631449,546.7938842773438,41066000
2024-08-29,548.7623394799141,552.0628809883677,545.6968421488655,546.8427124023438,38715200
2024-08-30,549.212926690368,552.5722295246512,545.657733766081,552.0629272460938,62700100
2024-09-03,548.9191927129024,549.2522119231385,538.1851066343386,540.7021484375,60600100
2024-09-04,538.8607329114091,543.0035361193702,538.1359934145067,539.5952758789062,47224900
2024-09-05,539.5366078915503,542.3866087950116,535.8246785314534,538.282958984375,44264300
2024-09-06,538.6061519080256,540.2319142524223,528.3225490242058,529.2235717773438,68493800
2024-09-09,533.4251872668898,536.4221205223048,531.4957564364314,535.1488647460938,40445800
2024-09-10,537.0586665381934,537.8324234437913,532.1813200114981,537.4797973632812,36394600
2024-09-11,537.3916883108078,543.9144040618945,528.8318231688719,542.9937744140625,75248600
2024-09-12,543.5715745845557,547.8711135710835,541.3483388424467,547.5675048828125,51819600
2024-09-13,548.1747815451495,551.4263657909838,547.9201304028155,550.4273681640625,39310500
2024-09-16,550.1629297590999,551.5046902542234,548.360884321784,551.2402954101562,36656100
2024-09-17,553.4536471249235,554.9031859740162,549.2324757022386,551.4655151367188,49321000
2024-09-18,552.1217580784818,556.969754476821,549.2717571625421,549.8300170898438,59044900
2024-09-19,559.2419348303403,561.0733907935877,556.3723270388496,559.2125244140625,75315500
2024-09-20,557.843033129673,559.2871245583524,555.219996107625,558.2457885742188,77503100
2024-09-23,559.3166610051752,560.2892222272916,558.0984411315784,559.6408081054688,44116900
2024-09-24,560.4365555490466,561.3010677532865,557.6072537825559,561.2421264648438,46805700
2024-09-25,561.0848814915315,561.8216774615664,558.8941007007465,560.0042114257812,38428600
2024-09-26,564.2678851150425,564.5920921622151,559.866775948692,562.2244873046875,48336000
2024-09-27,563.295359810012,564.1107043094071,560.3776161208616,561.4091186523438,42100900
2024-09-30,560.3775886747461,564.2678934162012,558.078818569817,563.6588134765625,63557400
2024-10-01,563.3051282373419,563.9534823374194,556.0353836889657,558.6092529296875,72668800
2024-10-02,557.715374727311,559.866821742494,555.3183290115846,558.8450927734375,38097800
2024-10-03,557.3714411111998,559.7684865712154,555.5343678239607,557.8233642578125,40846500
2024-10-04,562.2736036088263,563.2658318866675,558.0984259775333,562.8925170898438,42939100
2024-10-07,561.2420924631317,561.8905065573382,556.6543259021896,557.8037109375,49964700
2024-10-08,560.377637870892,563.67853004462,559.5033520489247,563.0792236328125,37398700
2024-10-09,563.0693978961492,567.5393423690588,562.4701514366566,566.9793701171875,37912200
2024-10-10,565.6334738441669,567.4116060358193,564.3759797176003,565.9871215820312,44138100
2024-10-11,565.9084606662699,570.1131388058892,565.7709110163313,569.3763427734375,42268000
2024-10-14,570.9874990099419,574.966246072679,570.5061351329805,574.032958984375,36217200
2024-10-15,574.2981309420833,574.6026708937048,568.3545951743074,569.5728149414062,54203600
2024-10-16,569.57286786976,572.5691599226542,568.767296964022,572.0484619140625,30725400
2024-10-17,575.5948569414992,575.8011814159861,571.9108767867559,572.0975341796875,34393700
2024-10-18,573.7872313147403,575.0839994048337,572.3234729286785,574.298095703125,37416800
2024-10-21,573.5711395635755,574.5535342943244,570.378356688641,573.3550415039062,36439000
2024-10-22,570.8204817447413,574.2097557683464,570.1622940232531,573.050537109375,34183800
2024-10-23,571.0267810694698,571.4688706983893,564.3071746074978,567.8143310546875,49314600
2024-10-24,569.7693209618997,569.8479293354313,566.4193810527883,569.0423583984375,34979900
2024-10-25,571.2723713678375,574.1704478252901,567.9027646254573,568.8458251953125,47268200
2024-10-28,572.3236221809337,572.451338311336,570.2998911399899,570.6044311523438,30174700
2024-10-29,569.641651710168,572.64777766843,568.2466677584584,571.5278930664062,42899700
2024-10-30,571.0562623128328,573.0505525749719,569.0914726763393,569.798828125,41435800
2024-10-31,565.4271221936206,565.4958970216722,558.4324763422399,558.6289672851562,60182500
2024-11-01,561.2617325907157,565.4172428761593,560.5740443264921,560.9866333007812,45667500
2024-11-04,561.1242574334378,562.4210257711015,557.8922001113365,559.7783813476562,38217000
2024-11-05,560.6920242782184,566.5863933486033,560.4759261934032,566.547119140625,39478300
2024-11-06,578.8270705681771,581.5089893813079,575.0841485043231,580.6346435546875,68182000
2024-11-07,582.6387178727699,586.145874462509,582.5601095007273,585.1241455078125,47233200
2024-11-08,585.674234913322,589.0831757216504,585.674234913322,587.65869140625,46444900
2024-11-11,589.2501303160354,589.6037779981073,586.4896037587446,588.2186279296875,37586800
2024-11-12,588.1401110548398,588.7393574916656,583.9059918696842,586.3914794921875,43006100
2024-11-13,586.8531544283672,588.6803942959151,584.4856094336134,586.6763305664062,47388600
2024-11-14,586.804069200042,587.2854330583992,582.2163022724781,582.9039306640625,38904100
2024-11-15,579.3378226480269,579.8094129170865,573.5810036102117,575.437744140625,75988800
2024-11-18,575.8993966406199,579.1118465214918,575.0349444617987,577.7954711914062,37001700
2024-11-19,574.416160766251,580.6346774978193,573.7481394095216,579.90771484375,49412000
2024-11-20,579.9862433981077,580.3889988810581,574.3374733314436,580.1041259765625,50032600
2024-11-21,582.9529949078541,584.6426848830619,577.107734892484,583.2182006835938,46750300
2024-11-22,583.2084127301733,585.6546259064262,582.7074417987914,585.02587890625,38226400
2024-11-25,588.9653319760873,590.281707390563,584.7213793724078,587.0103759765625,42441400
2024-11-26,588.2579123147351,590.7433995936517,587.540783398016,590.0753784179688,45621300
2024-11-27,589.8887838542881,590.2718722436573,586.7647756879834,588.2874755859375,34000200
2024-11-29,589.1028202958577,592.7278593888155,588.8277809402925,591.9419555664062,30177400
2024-12-02,592.3544546258752,593.680723337865,591.8632573163846,593.0028686523438,31746000
2024-12-03,592.7672106157903,593.5236138358292,591.73570807165,593.2780151367188,26906600
2024-12-04,594.9677449089698,597.2075737883222,594.2997236656325,596.9619750976562,42787600
2024-12-05,596.961947940629,597.7675188046404,595.6259055147337,595.9795532226562,28762200
2024-12-06,596.7460157204997,598.3473243526508,596.3334266132642,597.1094970703125,31241500
2024-12-09,596.9915028268559,597.1584931551176,593.445071963169,594.0344848632812,34742700
2024-12-10,594.7123228135097,595.134745373381,591.529373321926,592.1875610351562,37234500
2024-12-11,595.1150870375847,597.7183970026139,594.8399877419274,596.7655029296875,28677700
2024-12-12,595.9010008938557,596.4707466548862,593.6906127929688,593.6906127929688,31543800
2024-12-13,595.7242008087076,596.4413297893211,592.1973772710232,593.57275390625,35904700
2024-12-16,595.3312295236393,597.0799209921157,594.5551592425911,596.1072998046875,43695200
2024-12-17,593.553151685944,594.5158794594372,592.2760503625989,593.6513671875,55773500
2024-12-18,593.3468374126793,595.7340497636445,575.5753477019516,575.95849609375,108248700
2024-12-19,580.948961299734,582.5601031255708,575.5359564813775,575.7815551757812,85919500
2024-12-20,573.4513839180992,587.231466902458,572.6036351958548,582.697265625,125716700
2024-12-23,582.4410536479828,586.7879698949739,579.257197549177,586.1867065429688,57635800
2024-12-24,587.5370835235541,592.7416149913781,586.9554933157183,592.7021484375,33160100
2024-12-26,590.9279213446937,593.8652919269226,589.5282423631364,592.7416381835938,41219100
2024-12-27,588.9958679237085,589.2324867459512,582.3128451341881,586.5020751953125,64969300
2024-12-30,579.4839659814963,583.2788920150762,576.0536844624783,579.8092041015625,56578800
2024-12-31,581.4749602926895,582.194563069081,576.0634704063194,577.6997680664062,57052700
2025-01-02,580.9624149327,582.6775253068124,572.1995172748154,576.2803344726562,50204000
2025-01-03,579.1289967873591,584.1264484268344,578.044689478734,583.4857788085938,37888500
2025-01-06,587.7440676720806,591.1250155334773,585.1122021784661,586.8470458984375,47679400
2025-01-07,588.877548048508,589.2028462645713,578.3897338233832,580.2132568359375,60393100
2025-01-08,580.282291853868,582.1354148697908,576.8323377526707,581.0609741210938,47304700
2025-01-10,577.5026413332764,577.5716476388544,570.2774344732991,572.189697265625,73105000
2025-01-13,567.5372072518853,573.4316812597856,567.1231694250464,573.0768432617188,47910100
2025-01-14,576.0042498383493,576.635112947905,570.0801769152397,573.8652954101562,48420600
2025-01-15,581.8889752343268,585.4473419377294,580.7751281246863,584.303955078125,56900200
2025-01-16,585.6740294157521,585.8514484014332,582.4803673486446,583.1802368164062,43319700
2025-01-17,588.4242703969026,590.7899174222187,587.0935375428814,589.035400390625,58070600
2025-01-21,592.0810894520482,594.4369296257112,590.1096871636119,594.4270629882812,42532900
2025-01-22,597.2561538315355,599.129010488744,596.7041634740061,597.7687377929688,48196000
2025-01-23,597.1378398743527,601.0313720703125,596.8618747927997,601.0313720703125,41152100
2025-01-24,601.0904500891409,602.0466115435261,598.1234798327728,599.2767333984375,34604700
2025-01-27,586.3048878621954,591.115114198888,586.1373355152499,590.7996826171875,70361100
2025-01-28,592.0318399526346,596.7139205737208,588.7100317776161,595.8760986328125,44433300
2025-01-29,595.0874967960807,595.4916679771449,590.6518414168764,593.204833984375,37177400
2025-01-30,595.3240968992558,597.9263022497843,592.130374590218,596.3886108398438,39281300
2025-01-31,598.8134974486875,601.2383441338676,592.4557124803268,593.2147216796875,66566900
2025-02-03,584.1955437708402,591.7065824928592,582.046722262467,589.22265625,65857200
2025-02-04,589.281761222817,593.6878166788046,588.7396375989994,593.17529296875,33457800
2025-02-05,592.0516161255263,595.7282625539741,590.0210739471236,595.5803833007812,30653100
2025-02-06,597.3250313642651,597.778475552574,594.013089933138,597.6503295898438,35771500
2025-02-07,598.2121736064561,599.4344333824486,591.4699514014874,592.1796875,50788500
2025-02-10,595.3931938806695,596.8421459350292,594.1216006809957,596.201416015625,26048700
2025-02-11,593.9343010016065,597.1969698690995,593.8160216596527,596.6548461914062,30056700
2025-02-12,590.6321754646003,595.9056528588447,589.9520392250456,594.732666015625,45076100
2025-02-13,595.8367256890687,601.2186766543514,594.5750592605841,601.0116577148438,40921300
2025-02-14,601.2186143347305,602.2535886001177,600.3610590723445,600.9820556640625,26910400
2025-02-18,602.1451966252264,602.7464599609375,599.6809434502483,602.7464599609375,26749000
2025-02-19,601.3566689008733,604.4615919136522,600.8440849703791,604.1658935546875,31011100
2025-02-20,602.7957307474628,602.9337433637311,598.3404019341449,601.65234375,36554000
2025-02-21,601.435409514207,601.5734221193063,590.8982614234848,591.361572265625,76519800
2025-02-24,593.4118132885562,594.4073810554311,587.9608571639533,588.6705932617188,50737200
2025-02-25,588.6115273648803,589.3409366661995,581.1300283822392,585.7431030273438,58266500
2025-02-26,587.4089575799121,591.0067913230648,583.3971461439291,586.038818359375,43321600
2025-02-27,588.3157098294636,589.4690234968429,576.290203877955,576.6844482421875,74196700
2025-02-28,577.1871598716435,586.2161558854355,574.1117771132394,585.6838989257812,88744100
2025-03-03,587.6553155599406,588.798762606637,571.6081318173137,575.4227905273438,74249200
2025-03-04,571.4207954091844,577.0195703305991,564.0674436853699,568.6115112304688,109648200
2025-03-05,568.4440493526719,576.5169448984452,564.8856823224501,574.7229614257812,71230500
2025-03-06,567.2512863712917,571.8742272350298,561.9679425734266,564.5209350585938,80094900
2025-03-07,562.7368186254731,569.1340095542192,557.5421542389136,567.6849975585938,81158800
2025-03-10,559.4741670846696,561.3962362827218,547.6457527585567,552.5643920898438,99326600
2025-03-11,551.4012894751355,555.9552243228402,544.1268096197261,547.9710083007812,88102100
2025-03-12,554.1315858671662,555.0581473332891,545.7728595599632,550.8787841796875,69588200
2025-03-13,550.5042540653316,551.1153839968962,541.8202288918889,543.5353393554688,74079400
2025-03-14,548.1583018697701,555.7679467233177,543.604366956188,554.7625122070312,62660300
2025-03-17,554.742702735982,561.5637976935186,554.3089918436672,559.0404052734375,49008700
2025-03-18,556.7239657249663,556.9408512500528,551.0660510727529,552.998046875,66041400
2025-03-19,554.7821880592443,562.7860764826731,553.5993346617712,559.0206909179688,66556000
2025-03-20,555.2750866351008,562.4115538615378,554.5554838320709,557.4041748046875,62958200
2025-03-21,552.9413897854555,558.4877939738346,551.7055567482902,557.5880737304688,83763000
2025-03-24,564.3307537296456,568.6314886589248,563.7375780431137,567.5736083984375,58766800
2025-03-25,568.7797068467552,569.8771119506348,567.1879685958952,568.9379272460938,38355700
2025-03-26,568.6709866041082,569.7980806984394,560.7616559941828,562.1458129882812,51848300
2025-03-27,560.7517355574175,564.4296055114135,558.5371327368356,560.6528930664062,42164200
2025-03-28,559.1204968505267,559.8521002775326,548.7790253468997,549.3623046875,71662700
2025-03-31,543.5984615291653,554.3551567474991,540.6719872727307,553.0501098632812,95328200
2025-04-01,551.1320571376683,556.559825628618,547.4047657676659,554.6121215820312,54609600
2025-04-02,548.7592465118332,560.9890444564371,548.52197624234,558.1219482421875,76014500
2025-04-03,538.9319060881811,541.7594774009829,530.6172485351562,530.6172485351562,125986000
2025-04-04,517.7349036725598,519.9099817661254,499.3358369172059,499.5533447265625,217965100
2025-04-07,483.6457288710085,517.2405945444942,476.3394695378794,498.66357421875,256611400
2025-04-08,515.9454154101668,519.0300496454024,483.61604333672847,490.85308837890625,165816600
2025-04-09,487.84755542038147,542.4021606445312,487.46196103833506,542.4021606445312,241867300
2025-04-10,526.1385878330984,527.4535310578508,503.5475844453038,518.6346435546875,162331200
2025-04-11,517.0824330937988,530.3503195313269,514.1757514102393,527.8885498046875,97866300
2025-04-14,537.883883195208,538.1113174755011,527.8093712828247,533.009765625,68034000
2025-04-15,533.5536182929557,537.0732685211545,530.726046664157,531.5169677734375,56892900
2025-04-16,525.6541223320015,531.7937621429162,514.3931980244283,519.7023315429688,83484800
2025-04-17,521.6599483491107,525.1499093262158,517.9721816819745,520.44384765625,79868100
2025-04-21,515.2533065114334,515.7872249375157,502.6972625032136,508.05584716796875,69368100
2025-04-22,514.2450097037921,523.3011683263503,513.3057644566182,521.2744140625,75948100
2025-04-23,534.3049739114415,539.2483058984949,527.8292210770832,529.3517456054688,90590700
2025-04-24,530.6369834977514,541.2256220112762,529.3814182452572,540.4940185546875,64150400
2025-04-25,540.454522631326,544.804618673288,537.5280483044934,544.3992919921875,61119600
2025-04-28,545.1407910444296,547.2762839575454,538.8429907853031,544.6068725585938,47613800
2025-04-29,542.6887574529197,549.1546732609154,542.3328520901122,548.0374755859375,47775100
2025-04-30,541.3640897959557,550.2126665027023,535.3826699025942,548.2550659179688,93101500
2025-05-01,554.0189932525213,557.6770710508032,551.5374308999284,552.1405029296875,63186100
2025-05-02,558.3295262045715,561.9381825044319,556.006184429092,560.3365478515625,60717300
2025-05-05,556.1940033222468,560.2277786911415,555.3338684753841,557.1233520507812,38659200
2025-05-06,551.6066618961361,556.9652171268149,550.64768441023,552.466796875,48264700
2025-05-07,553.8014338302406,557.4298221355041,549.7379696101782,554.7901000976562,55588000
2025-05-08,558.8337754612519,563.8463212534109,555.333918196641,558.6558227539062,65130800
2025-05-09,560.0597310271954,561.0681900796083,556.3819209310694,557.9440307617188,37603400
2025-05-12,574.8797762427796,576.3924646775216,570.4999916854949,576.382568359375,78993600
2025-05-13,576.7977862928067,582.403567726764,576.2342995973956,580.18896484375,67947200
2025-05-14,581.1478975288738,582.3046201283636,578.9036058641954,580.930419921875,66283500
2025-05-15,578.9234551699535,584.2721134769878,578.4686469334371,583.7679443359375,71268100
2025-05-16,584.5489982766968,587.7621640177526,582.6013544692614,587.465576171875,76052100
2025-05-19,581.4347167753893,588.7903975982244,581.4347167753893,588.1082153320312,68168500
2025-05-20,586.3681289429425,587.317209981726,582.917632829089,586.1307983398438,60614500
2025-05-21,581.7708648204313,585.8639582409971,575.2258980125081,576.2540893554688,95197700
2025-05-22,576.0563267018498,579.971467292194,574.8204937262445,576.4815063476562,70860400
2025-05-23,569.4520392436427,575.2159811048424,569.0763411937487,572.5465698242188,76029000
2025-05-27,579.4276923460704,584.6082943415249,571.8742669840636,584.4501342773438,72588500
2025-05-28,584.8554566278126,586.0517646206928,580.3372442209068,581.06884765625,68445500
2025-05-29,586.3384441000501,586.4768718669775,579.4276761926377,583.362548828125,69973300
2025-05-30,582.2552747565533,584.430352826958,576.6297607292682,582.7100830078125,90601200
2025-06-02,581.0985818518681,586.0715425417425,578.429170462151,585.9924926757812,61630500
2025-06-03,585.6266079138771,590.3128764026674,585.1421107506463,589.3341064453125,63606200
2025-06-04,590.1943197189499,591.1730898063917,588.7409487228937,589.1759643554688,57314200
2025-06-05,590.8566609128592,592.2111289512687,584.3512195951713,586.3285522460938,92278700
2025-06-06,591.8749474768216,594.0203968199735,590.0953601848463,592.3495483398438,66588700
2025-06-09,592.9229477814916,594.4356362447949,591.7069074945726,592.8834228515625,53016400
2025-06-10,593.4173023897237,596.6304681071312,592.3001649023746,596.2449340820312,66247000
2025-06-11,597.3423765043648,598.2025114763902,592.4781545343917,594.54443359375,73658200
2025-06-12,593.2096245779508,596.9072265625,592.7251877881479,596.9072265625,64129000
2025-06-13,591.7168252456129,595.0288334634262,588.731033484191,590.2338256835938,89506000
2025-06-16,593.5953591830877,597.599446226556,593.4173461203459,595.8494873046875,79984100
2025-06-17,593.4074309844862,594.9299553868199,589.9965201271316,590.7578125,82209400
2025-06-18,591.6574895866379,594.4059506456396,589.7097855095001,590.6688232421875,76605000
2025-06-20,593.3471074282096,594.4180406328666,587.8735160730708,589.2816162109375,94051400
2025-06-23,590.0351674928282,595.4889076465048,586.9116980815279,595.1022338867188,87426000
2025-06-24,599.2470472798032,602.737399696003,598.3347417480489,601.6764526367188,67735300
2025-06-25,602.7969444947229,603.4910690166892,600.4468830082857,602.0136108398438,62114800
2025-06-26,603.8679120398481,607.1599955272326,603.2531315625092,606.7236938476562,78548400
2025-06-27,607.7252035075089,611.2056913389495,605.692457719191,609.7380981445312,86258400
2025-06-30,612.1873634601734,614.0118537505704,609.867018033134,612.6533813476562,92502500
2025-07-01,611.1758893553448,613.625146088841,610.3429883405835,612.455078125,70030100
2025-07-02,612.0484833566157,615.2711481262035,611.4237773441516,615.2315063476562,66510400
2025-07-03,617.214676143094,621.0124795190609,617.194824993195,620.0803833007812,51065800
2025-07-07,618.1170465947881,618.7814549531971,612.6732314169623,615.4595947265625,74814500
2025-07-08,616.1238907210633,616.8775081543645,614.3093261623386,615.1224365234375,59024600
2025-07-09,617.5319680301938,619.4655183729625,615.6875662931247,618.8110961914062,66113300
2025-07-10,618.9499658515675,621.5974919629854,617.7699723301522,620.5563354492188,57529000
2025-07-11,617.5022136064131,619.6043777491163,616.3024294765994,618.3748168945312,63670200
2025-07-14,617.9186024028506,619.901780492049,616.5700558274259,619.5547485351562,51898500
2025-07-15,622.2420420602726,622.5791484786782,616.8279435196437,616.9072875976562,74317300
2025-07-16,618.4937831556223,619.4754466932056,612.8516386863737,618.9697265625,88987500
2025-07-17,619.1482301954767,623.1145864157634,618.9300491320286,622.757568359375,68885700
2025-07-18,624.007017899032,624.175571102461,621.1909387049365,622.301513671875,65621600
2025-07-21,623.4815063476562,626.2281670376054,623.0551302914085,623.4815063476562,63375000
2025-07-22,623.8087114591411,624.4334174667899,620.9232136557434,623.5707397460938,60046300
2025-07-23,626.2381323551606,628.8757934570312,624.4334327911965,628.8757934570312,70511000
2025-07-24,629.2624631630094,630.7994747941685,628.6576082944551,629.083984375,71307100
2025-07-25,629.748350781943,632.2173979677802,629.5004535059064,631.7413940429688,56865400
2025-07-28,632.1181999979412,632.6734874729789,630.1945147233831,631.582763671875,54917100
2025-07-29,632.9809077241022,633.2982235137306,629.0046860832861,629.9169311523438,60556300
2025-07-30,630.5713386132512,632.3165451544952,626.2281734095909,629.1236572265625,80418900
2025-07-31,634.0816044685715,634.4682782312485,625.4646925404661,626.763671875,103385200
2025-08-01,621.0322789916852,621.0719812920488,614.0812292944926,616.4907836914062,140103600
2025-08-04,620.4075271113948,625.9108344398344,620.3183179857707,625.8612670898438,73218000
2025-08-05,626.476110377079,627.2892207726588,621.7660617410078,622.688232421875,68051400
2025-08-06,623.7590952688204,628.1121858315174,622.8468502662965,627.457763671875,64357500
2025-08-07,630.8886206499576,631.6223868787783,623.8185857342208,626.9321899414062,74205800
2025-08-08,628.727047311219,632.2868791777582,628.4097315038053,631.82080078125,64051600
2025-08-11,632.0984361099556,633.5758942477272,629.3219380955197,630.5713500976562,58742300
2025-08-12,632.9214680410968,637.4431125105409,631.434084195598,637.2844848632812,64730800
2025-08-13,639.4857330110176,640.7549961752953,637.2745085703324,639.4659423828125,60092800
2025-08-14,637.3835851461316,640.1897994624859,636.9374184340268,639.5254516601562,59327500
2025-08-15,640.5566774831647,640.6558727131268,637.11589211782,638.0281372070312,68592500
2025-08-18,637.4529805837014,638.5834067295413,636.7787072305159,637.8892822265625,43804900
2025-08-19,637.7108075589789,638.6924711313014,633.1098193903536,634.4286499023438,69750700
2025-08-20,634.0221086228163,634.2798709561484,627.6263466835007,632.742919921875,88890300
2025-08-21,630.9283690027011,632.604096553562,628.4791123479844,630.2044677734375,54805800
2025-08-22,632.3958993542917,641.0623787509013,631.8901792096084,639.8823852539062,84083200
2025-08-25,638.6230253017661,639.8625116828326,636.9472372936925,637.0662231445312,51274300
2025-08-26,636.7985773675441,640.0807351008626,636.1738713484165,639.733642578125,51581600
2025-08-27,639.148612992103,641.9250504526357,638.9998504138363,641.1912841796875,48341100
2025-08-28,641.7961126896905,644.0172625669782,639.9121297324674,643.4619750976562,61519500
2025-08-29,642.0242015644989,642.3911452321481,637.7306640961879,639.6245727539062,74522200
2025-09-02,632.13804448044,635.1028861742022,629.5797276837342,634.884765625,81983500
2025-09-03,637.2646148509236,638.7917009543937,635.0732414506999,638.3256225585938,70820900
2025-09-04,638.999797688006,643.6900550422279,638.09747828346,643.6602783203125,65219200
2025-09-05,646.0004708304714,646.7243720544352,637.9190556866993,641.796142578125,85178900
2025-09-08,643.1644862104067,644.3742563254497,641.7861629025881,643.3727416992188,63133100
2025-09-09,643.5115612591451,645.3856792185645,641.7762803015634,644.8601684570312,66133900
2025-09-10,648.122479271532,649.0446498954948,645.1576374702139,646.724365234375,78034500
2025-09-11,648.6778210448584,652.7929404681626,648.092817304151,652.0988159179688,69934400
2025-09-12,652.0689585463732,653.5662677492645,651.3748946038203,651.8805541992188,72780100
2025-09-15,654.0918582328915,655.4800466805781,653.7943936028013,655.3511352539062,63772400
2025-09-16,655.9063983981582,656.213849113272,653.6654579201036,654.4487915039062,61169000
2025-09-17,654.4587781451693,656.1543568928759,648.7967821934204,653.6357421875,101952200
2025-09-18,656.3229972048737,659.2977648370164,654.7166275252608,656.6898803710938,90459200
2025-09-19,658.5800832029405,660.7874850308027,656.6311583459587,659.9423217773438,97945600
2025-09-22,658.4508309420254,663.5119788762895,658.4209716621773,663.0645751953125,69452200
2025-09-23,662.9452156846509,663.5617612775759,658.2320617574377,659.4551391601562,81708900
2025-09-24,660.7477220570149,660.8471316064555,655.9350982101993,657.3569946289062,68082200
2025-09-25,654.2149171420698,655.6765652531099,650.7048739536411,654.3242797851562,89622100
2025-09-26,655.7760789419195,658.619871988132,654.1553026157394,658.072998046875,69179200
2025-09-29,660.5985670660314,661.5134019828115,658.112721358766,659.9224243164062,73499000
2025-09-30,659.1766647693167,662.8756347075731,657.8641309647478,662.4082641601562,86288000
2025-10-01,659.4152702620313,665.5801794564833,659.3059076216911,664.6654052734375,72545400
2025-10-02,666.6540464714482,666.7733621981591,663.004842335434,665.4309692382812,56896000
2025-10-03,666.1966948783695,668.8714672806448,664.377038831869,665.421142578125,70494400
2025-10-06,667.8174482099862,668.7024238148077,665.669704301124,667.8074951171875,54623300
2025-10-07,668.7322238208072,669.1796881705657,663.8898014056139,665.3316040039062,72020100
2025-10-08,666.4552183740389,669.398481470165,665.6299006256374,669.2990112304688,60702200
2025-10-09,669.7166839203261,670.1243359074817,665.4211353124821,667.3600463867188,66501900
2025-10-10,668.324542434099,670.1342452495495,649.14378031214,649.32275390625,159422600
2025-10-13,656.9095884512618,661.3642043859337,656.0345659370097,659.2860107421875,79560500
2025-10-14,653.4492417720955,662.0602448848334,649.4718888267987,658.4805908203125,88779600
2025-10-15,663.0446129876665,666.4352795829697,655.1992699391986,661.4039306640625,81702600
2025-10-16,663.0445999065358,664.9239136533134,653.3895542222015,656.8995971679688,110563300
2025-10-17,655.7660892614911,661.9906565438909,654.4138037793879,660.62841796875,96500900
2025-10-20,663.5418206897375,668.4041493887289,663.4921159142255,667.499267578125,60493400
2025-10-21,667.638493864759,669.1797060532549,666.1867381348511,667.4893188476562,56249000
2025-10-22,668.1953369980629,668.1953369980629,659.5445816579371,664.0191040039062,80564000
2025-10-23,664.3372592841532,668.9012985038863,664.019063764971,667.9566650390625,65604500
2025-10-24,672.6300829996666,674.628651928334,671.8246714345047,673.4155883789062,74356500
2025-10-27,678.8645527756448,681.658640907831,678.2580209918731,681.3603515625,63339800
2025-10-28,683.1600908523567,685.0095454543999,680.9526890414517,683.1700439453125,61738100
2025-10-29,684.8206562449755,685.795149064121,679.0038013689816,683.4982299804688,85657100
2025-10-30,680.0279821977349,682.0564104652303,675.9810180664062,675.9810180664062,76335800
2025-10-31,681.1614116072222,681.2012239761448,675.3942622450203,678.1983032226562,87164100
2025-11-03,681.7878948104295,681.9171636388411,676.0903560257897,679.4711303710938,57315000
2025-11-04,672.2820616639051,676.1103005794487,670.7607556049009,671.4169921875,78427000
2025-11-05,671.1583975728993,677.0051112074705,670.3529860359731,673.7437133789062,74402400
2025-11-06,672.6399897028363,673.5448715272548,664.9338680034818,666.514892578125,85035300
2025-11-07,664.1284090392404,667.2805048704689,657.4663915648358,667.1710815429688,100592400
2025-11-10,673.4056154266486,678.3176487268574,671.2081667723378,677.5818481445312,75842900
2025-11-11,676.1002762110339,679.6997756663966,674.8871520395073,679.1329956054688,58953400
2025-11-12,680.9129156193362,681.0819968300743,677.0946904605516,679.5109252929688,62312500
2025-11-13,676.6472315164618,677.0051787486752,666.7237544337754,668.235107421875,103457800
2025-11-14,661.612768198211,671.8345335183507,659.5147291242073,668.1256713867188,96846700
2025-11-17,665.9083353081996,669.8956413839408,658.4209391867944,661.901123046875,90456100
2025-11-18,658.3512953245886,661.354216097308,652.146634691611,656.3427734375,114467500
2025-11-19,657.0388554539629,663.5617119214406,655.0203196831769,658.8783569335938,94703000
2025-11-20,669.1001291109939,671.7351497651099,648.1991802397498,648.8355712890625,165293500
2025-11-21,651.3412595795126,660.7874729698119,647.1650267848305,655.2987670898438,123956200
2025-11-24,658.9380055466532,666.2662734630499,657.8442577670318,664.9437866210938,80437900
2025-11-25,664.8444060411854,672.3815071629971,660.717877921785,671.1982421875,81077100
2025-11-26,673.7934667684052,677.8404309302599,672.8885849296569,675.8318481445312,71879600
2025-11-28,677.0051081523229,679.7991961322198,676.6471609574353,679.5208129882812,49212000
2025-12-01,674.9667014318244,679.1230277654502,674.8970904760725,676.41845703125,61201200
2025-12-02,678.0591325179204,679.9483994968172,675.4838303983408,677.67138671875,62953800
2025-12-03,676.7167950740063,681.0321891246488,675.8417725523884,680.0180053710938,57238500
2025-12-04,681.4199577792665,681.4895687361658,677.4824173401821,680.51513671875,61970300
2025-12-05,681.5890143183475,684.4925257185774,680.7040993957534,681.8078002929688,79241000
2025-12-08,682.7027235077143,682.7524282821314,677.7111260885928,679.7594604492188,55231500
2025-12-09,679.2822138612034,681.5095218770947,678.7253868572307,679.1727905273438,58310100
2025-12-10,678.6955405173951,685.0692222502689,677.4526176554032,683.6771850585938,85671300
2025-12-11,681.2609148661827,685.3476304583654,678.3076987410943,685.26806640625,86173700
2025-12-12,684.2737672143002,684.9797692517327,675.3247225627367,677.9000854492188,113160300
2025-12-15,681.8574988128718,681.8774049984522,675.4042533093998,676.8758544921875,90811000
2025-12-16,675.3843754405706,677.2239376857725,671.1584377196804,675.0264282226562,122030600
2025-12-17,676.0406154817738,676.5874893555698,667.3998140691156,667.5986938476562,110625200
2025-12-18,673.7635606688432,676.8857972779194,671.0788959983324,672.6399536132812,108650100
2025-12-19,674.747283458469,679.2350273728672,674.6275542880097,678.7363891601562,103599500
2025-12-22,682.0772531068674,683.4933686131409,678.7364013691785,682.96484375,69556700
2025-12-23,682.0572680421344,686.325640311278,682.0074163952171,686.0863037109375,64840000
2025-12-24,686.0763204450832,688.9484813838191,685.9267046355759,688.4996948242188,39445600
2025-12-26,688.758988861415,689.7761694005526,687.392725060237,688.4298706054688,41613300
2025-12-29,685.6674092439482,687.322922191004,684.2014421207446,685.9765625,62559500
2025-12-30,685.5777200962995,686.6846823672308,684.7100944386586,685.138916015625,47160700
